country_code,unemployment,inflation,gdp_growth,life_expectancy,population_growth,unemployment_lag1,inflation_lag1,gdp_growth_lag1,life_expectancy_lag1,population_growth_lag1,unemployment_lag2,inflation_lag2,gdp_growth_lag2,life_expectancy_lag2,population_growth_lag2,unemployment_change_1y,inflation_change_1y,gdp_growth_change_1y,life_expectancy_change_1y,population_growth_change_1y,unemployment_trend_3y,inflation_trend_3y,gdp_growth_trend_3y,life_expectancy_trend_3y,population_growth_trend_3y
AFG,10.687166666666668,4.1608434646737145,0.45615586915217515,62.701,2.8782357086026615,10.172333333333333,5.5315846744146,0.3027734558426305,62.302249999999994,3.007894811444705,9.648083333333334,4.570454270405249,2.0196579111323296,61.89266666666666,3.132810005715351,0.5148333333333333,-1.3707412097408866,0.15338241330954464,0.3987499999999997,-0.12965910284204332,0.5195416666666666,-0.20480540286576762,-0.7817510209900771,0.4041666666666668,-0.12728714855634457
AGO,16.067083333333333,17.99717431750687,1.6413069455166276,62.034166666666664,3.475208124685368,16.293666666666667,17.983704829596846,1.8355204007000558,61.4905,3.5424823488442976,16.499583333333334,17.40990202636146,1.92532566265407,60.90683333333333,3.601488359554754,-0.22658333333333328,0.013469487910024855,-0.19421345518342836,0.5436666666666667,-0.06727422415892913,-0.21624999999999991,0.2936361455727042,-0.14200935856872135,0.5636666666666666,-0.0631401174346929
ALB,13.488416666666666,2.4448668755801184,2.881952955872302,78.47941666666667,-1.5431336502150934,13.72275,2.334010688073004,2.7526279283556114,78.37116666666667,-1.4369594183724672,13.997833333333332,2.075835538062521,2.5981574119703255,78.34158333333333,-1.3497348589082605,-0.23433333333333325,0.11085618750711412,0.12932502751669003,0.10825000000000051,-0.10617423184262625,-0.2547083333333333,0.18451566875879877,0.14189777195098796,0.06891666666666711,-0.09669939565341647
ARE,2.44425,1.4933295740794217,3.0335325578032255,81.831,3.2424399991488895,2.480583333333333,1.430882759375475,3.2364730235534025,81.74675,3.1909524981794046,2.474416666666667,1.063112529751923,2.74383683927862,81.86333333333333,2.966758373771682,-0.03633333333333335,0.062446814703946675,-0.20294046575017677,0.08425000000000078,0.05148750096948507,-0.015083333333333357,0.21510852216374923,0.144847859262303,-0.016166666666666312,0.13784081268860374
ARM,16.828083333333336,3.133992985101844,4.775000000083585,74.85813008130083,-0.1769032753658054,17.368,3.6064587603049616,4.475000000006813,74.55406504065041,-0.20952217748744398,17.874,3.5677462848883756,3.6083333333766876,74.42134146341463,-0.2867315567986303,-0.5399166666666667,-0.47246577520311744,0.30000000007677247,0.30406504065040824,0.03261890212163858,-0.5229583333333333,-0.21687664989326594,0.5833333333534488,0.21839430894309153,0.05491414071641246
AUS,5.3020000000000005,2.5715582184018944,2.5999902936117043,82.6869918699187,1.4731793422349584,5.4199166666666665,2.3804607120555397,2.5008997882213997,82.59065040650407,1.386097688243515,5.54375,2.0741474148841887,2.3306499849397353,82.46524390243903,1.4082972675923406,-0.11791666666666668,0.191097506346355,0.09909050539030499,0.09634146341463413,0.08708165399144335,-0.120875,0.2487054017588529,0.1346701543359846,0.11087398373983777,0.032441037321308756
AUT,5.398833333333333,2.8333270566677,1.184588751487237,81.42479674796749,0.7043518912234937,5.346583333333332,2.4560308048948243,1.4940647756777474,81.35731707317073,0.6499865735453682,5.3374999999999995,1.894919509733661,1.2005663287138242,81.29776422764229,0.5903287820807124,0.05225000000000005,0.3772962517728759,-0.3094760241905103,0.06747967479675053,0.05436531767812575,0.030666666666666693,0.4692037734670196,-0.007988788613293515,0.06351626016260008,0.057011554571390705
AZE,5.375,5.932439043478792,1.7041958827602663,72.35641666666668,0.8465854537483573,5.3566666666666665,5.855180946382343,1.4602396459045357,72.03441666666667,0.9451486791264591,5.355,5.178065382404788,1.4664189921661255,71.71641666666666,1.0410053325949618,0.01833333333333332,0.07725809709645004,0.24395623685573078,0.32200000000000034,-0.09856322537810173,0.010000000000000024,0.377186830537002,0.11888844529707043,0.32000000000000023,-0.09720993942330215
BDI,1.2465,9.635483869428745,3.2614121921745625,61.2395,2.85539909201675,1.3040833333333335,8.189707409724695,3.3255504392063355,60.752250000000004,2.9262369368013945,1.3629166666666668,7.164073013745155,3.5568867517894396,60.269416666666665,3.090833643789454,-0.0575833333333333,1.44577645970405,-0.06413824703177341,0.4872500000000001,-0.07083784478464418,-0.058208333333333306,1.2357054278417945,-0.14773727980743834,0.4850416666666666,-0.11771727588635206
BEL,6.84225,2.4392968553817482,1.4901387192945812,81.36747967479675,0.5419234338713075,6.9750000000000005,2.3962194663057477,1.5082248083746503,81.21626016260163,0.5794850299992945,7.2019166666666665,1.7788684225973792,1.4043976022707605,81.08577235772357,0.5882745334684486,-0.13275,0.04307738907600078,-0.018086089080069295,0.15121951219512533,-0.037561596127987075,-0.1798333333333333,0.33021421639218446,0.04287055851191046,0.14085365853658752,-0.02317554979857053
BEN,1.7779999999999998,1.3826095697674896,5.526885942391028,59.581250000000004,2.792110052000669,1.8618333333333332,1.3797377608851613,5.2444672368575125,59.38858333333334,2.830032910767372,1.8080833333333333,1.4511591516793245,4.899560376253151,59.21458333333334,2.8664356078139055,-0.0838333333333333,0.0028718088823282972,0.28241870553351583,0.19266666666666643,-0.03792285876670246,-0.015041666666666639,-0.03427479095591748,0.3136627830689383,0.18333333333333326,-0.037162777906618295
BFA,4.300666666666667,2.1696957185134997,4.8940730067136,59.47233333333333,2.6957427339941566,4.319500000000001,2.337767120169868,5.195930377957406,59.13141666666667,2.752978910745881,4.3109166666666665,1.0832282730854876,5.764226127537161,58.76833333333334,2.8043712441719126,-0.018833333333333355,-0.1680714016563686,-0.3018573712438067,0.34091666666666676,-0.057236176751724134,-0.005125000000000042,0.5432337227140062,-0.43507656041178083,0.35200000000000004,-0.05431425508887789
BGD,4.492999999999999,6.508519157909514,6.442954790654899,71.49366666666667,0.9174754156513464,4.525083333333334,6.634491001030163,6.500393686896431,70.97925,0.8913763440631087,4.423916666666666,6.670301169357679,6.373056971028068,70.45791666666666,0.8790677346283626,-0.03208333333333337,-0.12597184312065002,-0.0574388962415325,0.5144166666666669,0.026099071588237783,0.03454166666666666,-0.08089100572408296,0.0349489098134154,0.5178750000000001,0.019203840511491876
BGR,7.2955000000000005,3.2701125765529326,2.2424504650811885,74.37032520325205,-1.0910047066145065,7.873916666666666,2.834867748647356,2.2765058257359385,74.23760162601627,-1.1205589798356483,8.384833333333333,1.7610120551977282,2.065797134702426,74.18353658536586,-1.1211922558813245,-0.5784166666666667,0.4352448279055768,-0.03405536065475001,0.13272357723577477,0.02955427322114192,-0.5446666666666666,0.7545502606776021,0.08832666518938122,0.09339430894309149,0.015093774633408946
BHR,1.2578333333333334,1.5497438464009088,3.1069692163056435,80.07591666666667,2.311656653709127,1.27125,1.5101887317586333,2.944472696576668,79.89733333333334,1.799701365971237,1.26,1.3715340351170842,2.7906508399710557,79.69741666666667,2.0350047253735895,-0.013416666666666653,0.03955511464227549,0.16249651972897505,0.1785833333333334,0.51195528773789,-0.0010833333333333459,0.08910490564191233,0.15815918816729377,0.18925000000000006,0.13832596416776877
BHS,11.56875,1.9668088728410893,1.6415329239999317,73.48358333333333,0.5991539335334427,12.058333333333332,1.9789643417499043,1.438610334862675,73.40183333333333,0.6552256174509906,12.490416666666667,1.6238494290913976,0.6603404636886375,73.315,0.7373033821829397,-0.4895833333333333,-0.012155468908815062,0.2029225891372571,0.0817500000000007,-0.05607168391754786,-0.4608333333333334,0.17147972187484584,0.49059623015564724,0.08429166666666708,-0.06907472432474847
BIH,20.402416666666667,1.8574519644443461,2.563747488008397,76.95058333333334,-1.3424252989021037,21.811916666666665,1.654564370404113,2.477507284776561,76.87666666666667,-1.444709635307645,23.03316666666667,0.6525117274692597,2.1974117766413355,76.88083333333333,-1.489128076441329,-1.4095000000000002,0.20288759404023327,0.08624020323183605,0.0739166666666667,0.10228433640554134,-1.3153750000000002,0.6024701184875433,0.1831678556835308,0.03487500000000012,0.07335138876961274
BLR,4.92475,14.395301593959077,0.5303149519157919,73.32395121951221,-0.2533688519775908,5.138333333333334,18.414309867367766,0.6489345056526219,73.02144105691059,-0.22782367929283331,5.344833333333334,17.791482598121444,1.682968921344201,72.71323373983743,-0.17901487338276137,-0.21358333333333332,-4.019008273408691,-0.11861955373683013,0.30251016260162444,-0.025545172684757516,-0.2100416666666666,-1.6980905020811825,-0.5763269847142045,0.30535873983739553,-0.03717698929741472
BLZ,8.547416666666667,1.5368401104154923,2.6756018860448396,71.87925,1.8998334824984127,8.559583333333334,1.3045247755425973,2.6230852973242267,71.66333333333334,1.9098956958848916,8.537083333333333,0.8579484575703852,1.9703267720762823,71.55375,1.956601068294475,-0.012166666666666584,0.23231533487289505,0.05251658872061308,0.21591666666666728,-0.010062213386479139,0.005166666666666708,0.3394458264225535,0.3526375569842786,0.1627500000000002,-0.028383792898031255
BOL,3.62975,3.053094517719023,3.2202782962344663,66.52775,1.4013830904574034,3.5656666666666665,3.6620592004979318,3.4442555080292157,66.33616666666667,1.4221685874453807,3.487083333333333,3.725138144579825,3.4758642395827137,66.21691666666666,1.462180899485565,0.06408333333333334,-0.6089646827789091,-0.22397721179475016,0.19158333333333388,-0.020785496987977475,0.07133333333333336,-0.3360218134304012,-0.12779297167412382,0.1554166666666668,-0.0303989045140808
BRA,10.190416666666666,5.994765921828481,0.8899819166378675,74.92025,0.6505517111354436,10.159666666666666,6.16500648843672,0.9510458959138001,74.77016666666667,0.6853754768573223,10.092083333333333,5.811558222729389,1.327006851250499,74.67908333333334,0.7254340047134523,0.030749999999999906,-0.1702405666082392,-0.061063979275932545,0.15008333333333349,-0.034823765721878626,0.04916666666666666,0.0916038495495462,-0.21851246730631577,0.12058333333333354,-0.03744114678900434
BRB,9.509416666666667,2.350984846524304,0.10274693024613168,76.15775000000001,0.1849457409144455,9.896916666666668,2.871402625444795,-0.16597619870806568,76.10950000000001,0.211497927738955,10.182666666666668,3.12262517201825,-1.7863239933430963,76.09383333333334,0.24042750788838765,-0.3874999999999999,-0.5204177789204908,0.2687231289541973,0.04824999999999945,-0.026552186824509435,-0.33662499999999995,-0.38582016274697284,0.9445354617946141,0.031958333333333123,-0.02774088348697104
BRN,6.983250000000001,0.5511578701592752,-0.19148092345966253,74.79625,1.1583601123804965,7.084083333333333,0.5328951411286627,0.026582582675464112,74.75525,1.2416821265931135,7.192083333333334,0.25578004329328013,0.39072391098485665,74.91383333333333,1.3328840118605116,-0.10083333333333333,0.018262729030612473,-0.2180635061351267,0.041000000000000314,-0.08332201421261713,-0.10441666666666667,0.1476889134329975,-0.29110241722225955,-0.058791666666666166,-0.08726194974000752
BTN,3.3925,5.748775052677577,3.609320929857352,71.49158333333334,0.8588281194960475,3.4011666666666667,6.133745177692202,3.930746049777479,71.18366666666667,0.8921331540633934,3.18225,6.250179881589408,4.490579883090867,70.85125000000001,0.9248210005904044,-0.008666666666666675,-0.38497012501462424,-0.3214251199201276,0.30791666666666606,-0.0333050345673459,0.10512500000000004,-0.2507024144559154,-0.440629476616758,0.32016666666666654,-0.03299644054717849
BWA,20.27991666666667,4.907036080458829,3.5165510995965765,64.92658333333334,1.492517185000679,19.835583333333332,5.189724150512791,3.8190796331541903,64.13925,1.5198886980006951,19.355999999999998,4.796666576231876,4.2052218213397135,63.338249999999995,1.5633016777091135,0.4443333333333334,-0.28268807005396157,-0.3025285335576131,0.7873333333333328,-0.02737151300001583,0.4619583333333333,0.05518475211347625,-0.3443353608715683,0.7941666666666661,-0.03539224635421707
CAF,5.967666666666666,4.727021405444123,-0.6430162817933973,45.01500000000001,1.0086965587216314,5.922416666666667,4.578299505303218,-0.35179570373845154,44.40658333333334,1.052803656152534,5.87,4.237287534357015,-0.0037193240896778814,46.74433333333334,1.0091561384351524,0.045250000000000005,0.1487219001409051,-0.29122057805494583,0.6084166666666674,-0.044107097430902464,0.048833333333333305,0.244866935543554,-0.31964847885185993,-0.8646666666666666,-0.0002297898567604345
CAN,6.781,2.2935817781835737,1.913230852811873,81.70262195121954,1.2889684070831908,6.966166666666666,2.213009569086845,2.0472682622552116,81.69065040650409,1.1281956637798165,7.20775,1.7941821013793577,1.9557491008956147,81.70959349593498,1.0704829516827414,-0.1851666666666666,0.08057220909672831,-0.13403740944333842,0.011971544715442192,0.16077274330337415,-0.213375,0.24969983840210788,-0.021259124041870876,-0.0034857723577245542,0.10924272770022457
CHE,4.6401666666666666,0.34648104476041014,1.7954247002118988,83.40955284552848,0.9696969659783758,4.6706666666666665,0.18781007205099678,1.8895730443968917,83.2878048780488,0.9569381899912375,4.727833333333334,0.008910965448952141,1.906184388302669,83.17459349593499,0.9745740961377732,-0.030499999999999975,0.15867097270941335,-0.09414834418499292,0.1217479674796742,0.012758775987138316,-0.043833333333333314,0.16878503965572902,-0.05537984404538521,0.11747967479674591,-0.0024385650796987144
CHL,7.774416666666667,4.3017839838869945,2.415864883827865,79.90416666666667,1.040247384037177,7.647666666666667,3.948411852929777,2.8910756178149115,79.74325,1.0774953349995566,7.6725,3.0956488836370526,3.1992137395079023,79.73649999999999,1.1198923376783054,0.12675,0.35337213095721665,-0.47521073398704633,0.16091666666666643,-0.037247950962379595,0.05095833333333333,0.6030675501249708,-0.39167442784001844,0.08383333333333333,-0.03982247682056418
CHN,4.63,1.8979376319546943,6.33557722933255,77.39416666666666,0.39727573943760874,4.62,2.341192806428184,6.672784944838955,77.22216666666667,0.45146341664338724,4.5825,2.4413385727033083,7.294625203523164,77.01100000000001,0.49280168247929884,0.01,-0.44325517447349,-0.3372077155064042,0.17200000000000057,-0.054187677205778405,0.023750000000000018,-0.27170047037430706,-0.4795239870953063,0.19158333333333324,-0.047762971520845
CIV,3.1275,2.030170825757749,6.821546320045756,59.31783333333333,2.5383779523717034,3.53425,2.0753967759118956,5.824009012358645,58.820166666666665,2.510778858087289,3.892333333333333,1.7414740726074267,5.861356160014046,58.29683333333333,2.4847256741258934,-0.40675,-0.04522595015414671,0.9975373076871108,0.49766666666666676,0.02759909428441419,-0.3824166666666666,0.14434837657516122,0.4800950800158545,0.5105000000000001,0.02682613912290503
CMR,3.668833333333333,2.7244162486011696,3.9332467769415644,60.722833333333334,2.817886850865536,3.700583333333333,2.354156716954593,3.9358841417380863,60.20466666666667,2.8333843183188283,3.73925,1.939798661036657,3.8660708680363314,59.74816666666666,2.8524351980610465,-0.03174999999999999,0.3702595316465767,-0.0026373647965216573,0.518166666666667,-0.015497467453292493,-0.03520833333333335,0.39230879378225625,0.033587954452616656,0.48733333333333323,-0.01727417359775539
COG,20.479583333333334,2.631560190994172,-0.08619711602444453,63.977916666666665,2.4468083804159884,20.439249999999998,2.419713641563161,-0.06127585774114123,63.68741666666667,2.5160916669558375,20.37,2.1987204469167314,0.6433832504658962,63.415,2.661573125457719,0.040333333333333464,0.21184654943101075,-0.024921258283303313,0.29050000000000037,-0.06928328653984916,0.05479166666666672,0.2164198720387203,-0.3647901832451705,0.2814583333333334,-0.1073823725208654
COL,10.353083333333332,4.966762812657589,3.1129520906153267,75.93066666666667,1.2082134465677654,10.411166666666666,4.273356892065389,3.6325780864287616,75.71858333333334,1.2040808326721546,10.462166666666667,3.6145878024240123,3.3964432261312143,75.58258333333333,1.2097204500330005,-0.058083333333333424,0.6934059205922,-0.5196259958134348,0.2120833333333322,0.004132613895610844,-0.05454166666666671,0.6760875051167883,-0.14174556775794364,0.17404166666666576,-0.0007535017326175082
COM,4.060583333333334,3.1193406329002493,2.569241942277134,65.09291666666667,2.0109961469070816,4.0845,2.5750842539545786,2.664937704921566,64.78691666666667,2.0172831167890277,4.110416666666667,1.810311441137028,2.7628435706009618,64.47574999999999,2.0214106846146667,-0.023916666666666645,0.544256378945671,-0.09569576264443254,0.3060000000000003,-0.006286969881945842,-0.024916666666666684,0.6545145958816109,-0.09680081416191376,0.30858333333333327,-0.005207268853792492
CPV,12.289666666666667,1.6502385491737146,2.4751658669369387,74.51975,0.17547936111239038,12.2125,1.7126975544266887,2.402662268793233,74.25758333333333,0.16119586648490306,12.08175,1.2250088401160504,1.2353908908980478,73.97425,0.1712370042970172,0.07716666666666668,-0.06245900525297413,0.07250359814370588,0.2621666666666667,0.014283494627487318,0.10395833333333333,0.2126148545288321,0.6198874880194455,0.27274999999999966,0.0021211784076865686
CRI,10.091166666666666,2.6854098969728017,3.4410674451812717,79.9175,0.8510971327137735,10.190583333333334,3.0481436303905993,3.3820038958027996,79.81958333333334,0.9101828107598727,9.844416666666666,2.8304754788800714,3.44940820803256,79.82275,0.9777763375150612,-0.09941666666666678,-0.3627337334177971,0.059063549378472434,0.09791666666666758,-0.05908567804609915,0.12337499999999986,-0.07253279095363474,-0.00417038142564415,0.04737500000000058,-0.0633396024006438
CYP,10.605,1.089221886814512,3.01248305074825,81.26816666666666,1.3305704272486707,10.780583333333333,1.0682308458249687,2.7455876692515937,81.20208333333333,1.382712233794521,10.743333333333332,0.5711106675824023,2.246333088273239,81.21858333333334,1.4316485945470774,-0.17558333333333334,0.020991040989543297,0.26689538149665654,0.06608333333333266,-0.052141806545849934,-0.06916666666666667,0.259055609616055,0.3830749812375056,0.02479166666666599,-0.05053908364920329
CZE,3.8625000000000003,3.856104055275664,1.8467414782633533,78.67682926829268,0.2871318372943423,4.206916666666666,3.1274339718683977,1.9904748551372997,78.5140243902439,0.15582838703400537,4.628333333333333,1.991814149025921,1.9794327251952673,78.38861788617886,0.04919414594894872,-0.3444166666666666,0.7286700834072666,-0.1437333768739463,0.16280487804878283,0.13130345026033693,-0.38291666666666657,0.9321449531248716,-0.06634562346595695,0.14410569105690854,0.11896884567269679
DEU,4.0328333333333335,2.178671530770943,1.04624627892272,80.86754065040651,0.30698103485329586,4.274166666666667,1.8560662107793189,1.4318809808782778,80.81713414634147,0.14154555916704195,4.599666666666667,1.3753358768111221,1.6256626192884012,80.76544715447154,0.13060873610434143,-0.24133333333333326,0.3226053199916242,-0.38563470195555744,0.050406504065041,0.16543547568625394,-0.28341666666666665,0.4016678269799104,-0.28970817018284045,0.05104674796747883,0.08818614937447722
DNK,5.882750000000001,1.7039514221403687,1.6865962922879874,81.01504065040652,0.5448423144216575,6.105666666666667,1.6584101011517394,1.7454476251867386,80.85223577235773,0.5173883427112377,6.381666666666667,1.2096065487230119,1.8403696598683794,80.66849593495935,0.4887795668587021,-0.22291666666666665,0.04554132098862921,-0.058851332898751364,0.162804878048784,0.02745397171041983,-0.24945833333333334,0.24717243670867836,-0.07688668379019607,0.1732723577235795,0.02803137378147766
DOM,6.551416666666667,4.020861490501275,4.830676855657824,73.10266666666666,1.086944712479677,6.59575,4.105124430655773,4.9139821716891445,73.00066666666667,1.1184598689505083,6.571416666666667,3.8983611063779064,5.177581245278311,72.81966666666666,1.1451683992185933,-0.044333333333333336,-0.08426294015449831,-0.08330531603131996,0.10200000000000031,-0.03151515647083145,-0.01,0.06125019206168455,-0.1734521948102438,0.14150000000000004,-0.029111843369458157
DZA,11.715166666666667,5.5238763637930575,2.2083333333895943,75.20016666666668,1.86584983439042,11.57475,5.124046175940514,2.116666666669548,75.04366666666667,1.9040096978564425,11.372916666666667,4.677841712592577,2.2166666666684223,74.87825,1.933966091597265,0.14041666666666655,0.3998301878525434,0.0916666667200459,0.1565,-0.038159863466022494,0.1711249999999999,0.4230173256002401,-0.004166666639414176,0.1609583333333333,-0.03405812860342249
ECU,3.919333333333333,1.9202591529015747,2.6554840006954765,75.77066666666667,1.3308258450250623,3.9149999999999996,2.108496237533893,3.196587202652633,75.58624999999999,1.3949159241610376,3.9462499999999996,2.115846872829531,3.043313396922891,75.4705,1.4682796242524907,0.0043333333333333,-0.18823708463231836,-0.5411032019571566,0.18441666666666615,-0.06409007913597516,-0.013458333333333369,-0.09779385996397831,-0.19391469811370743,0.1500833333333329,-0.06872688961371419
EGY,10.212083333333334,13.494671218595505,4.024966661465401,70.32366666666667,1.9083798587601548,10.636750000000001,11.509683691589437,3.858657613649212,70.12358333333334,1.9430564831931767,10.821,11.290477632239503,3.738606717706164,69.96258333333334,1.9790443386619325,-0.4246666666666667,1.9849875270060668,0.1663090478161892,0.20008333333333303,-0.034676624433021656,-0.3044583333333333,1.1020967931780004,0.14317997187961837,0.18054166666666657,-0.03533223995088873
ESP,18.271416666666667,1.8353772369127193,1.33591276700965,83.1599593495935,0.28217063602499515,19.038999999999998,1.8073556163638511,1.0775145499616363,83.03841463414635,0.2135849868239208,19.607916666666668,1.2581296360389693,0.5544983158233815,82.91280487804879,0.19204777231485495,-0.7675833333333334,0.028021620548868365,0.25839821704801375,0.12154471544715051,0.06858564920107434,-0.66825,0.288623800436875,0.39070722559313426,0.12357723577235485,0.04506143185507006
EST,6.676166666666667,4.013424669774545,2.345348153729858,77.74105691056911,0.26473295945477465,7.172000000000001,3.6653143559992354,3.207947631633519,77.52743902439025,0.10798011281166388,8.1,2.2964628320071796,3.5142742876566744,77.32621951219512,-0.022404010522686955,-0.4958333333333333,0.34811031377531015,-0.8625994779036609,0.21361788617886646,0.15675284664311073,-0.7119166666666666,0.8584809188836827,-0.5844630669634079,0.20741869918699563,0.1435684849887308
ETH,2.9133333333333336,17.14882095408748,8.139584246589065,64.63,2.693406535896036,2.8212500000000005,17.401415293154695,8.521588432933235,64.07000000000001,2.7133999006634326,2.7303333333333337,15.256363986451447,9.123986637160696,63.471000000000004,2.7311065315240177,0.09208333333333335,-0.2525943390672169,-0.3820041863441708,0.5599999999999999,-0.01999336476739665,0.09150000000000001,0.9462284838180158,-0.4922011952858154,0.5795,-0.018849997813990802
FIN,7.889916666666667,2.0164820041417735,0.4927611032251962,81.46930894308944,0.29720572591582134,7.942583333333334,1.7803290308921476,0.770218437690366,81.37642276422766,0.2942362535923271,8.082166666666668,1.2853813224365176,0.9706556043069138,81.26666666666668,0.30969875433896993,-0.05266666666666664,0.23615297324962592,-0.2774573344651699,0.09288617886178346,0.002969472323494232,-0.09612499999999997,0.36555034085262794,-0.23894725054085883,0.10132113821137877,-0.006246514211574292
FJI,4.688416666666666,2.5171623027183903,2.7448131535568154,66.61675000000001,0.10120961172777426,4.612583333333333,2.875718721138359,2.183370192025766,66.58041666666666,0.08200232194494426,4.524416666666666,2.6765677195892223,0.9508323124226744,66.54958333333333,0.0865528582660811,0.07583333333333335,-0.3585564184199684,0.5614429615310493,0.03633333333333395,0.019207289782830022,0.08199999999999998,-0.07970270843541584,0.8969904205670706,0.033583333333333215,0.0073283767308465935
FRA,8.983166666666667,1.6464522205955392,1.103737504186649,82.44512195121952,0.37792048505405673,9.140916666666667,1.4158889444843392,1.1869343035960356,82.38536585365854,0.39521834068433453,9.305583333333333,1.1082852128603333,1.127231146806984,82.34654471544717,0.39443962749222444,-0.15775,0.2305632761112,-0.08319679940938679,0.05975609756097455,-0.01729785563027773,-0.16120833333333331,0.2690835038676029,-0.011746821310167502,0.04928861788617842,-0.008259571219083876
GAB,20.28741666666667,2.4818100511293273,2.626099730737453,66.79741666666666,2.7704986248505556,20.265249999999998,2.2846685291726985,3.0138344550660587,66.52783333333333,2.8828723167194283,20.271166666666666,2.05385986621094,3.351523856669783,66.278,2.983064288884,0.02216666666666679,0.19714152195662915,-0.38773472432860595,0.2695833333333333,-0.11237369186887243,0.008124999999999974,0.21397509245919377,-0.36271206296616504,0.25970833333333293,-0.10628283201672202
GBR,5.1935,2.708754984651616,1.708437547501678,81.03637804878049,0.6623545306774458,5.541,2.4639337662256633,1.756753188390434,81.01247154471544,0.6187317672743066,5.891416666666667,2.011484257324966,1.5159899153975946,80.96173983739837,0.6072777545460913,-0.3475,0.24482121842595253,-0.04831564088875595,0.02390650406504233,0.043622763403139274,-0.3489583333333333,0.348635363663325,0.0962238160520416,0.03731910569105836,0.027538388065677214
GEO,14.539833333333334,4.200863798641058,5.19588326517274,73.37875000000001,-0.0913606951389151,15.213416666666667,4.705461529269904,5.204394536818619,73.21116666666667,-0.16489636785047515,15.928583333333334,4.306462658815003,4.81171757969122,73.01041666666667,-0.2344268018147594,-0.6735833333333335,-0.5045977306288459,-0.008511271645878246,0.16758333333333295,0.07353567271156006,-0.694375,-0.052799430086972444,0.19208284274075968,0.18416666666666673,0.07153305333792216
GHA,3.623416666666667,15.79102660124183,4.860656328629488,63.80683333333334,2.15296722663691,3.73875,13.342817746348503,5.769575710519267,63.48341666666666,2.1943312731079057,3.94825,11.63260897389766,6.110814221435482,63.154333333333334,2.2370582644881516,-0.11533333333333333,2.4482088548933247,-0.9089193818897799,0.32341666666666724,-0.041364046470995786,-0.16241666666666668,2.0792088136720834,-0.625078946402997,0.3262500000000002,-0.04204551892562076
GIN,5.154916666666667,10.24383867851923,5.856711189184238,58.79816666666667,2.5117394358772818,5.145166666666666,11.369834589767393,5.862576613186964,58.467999999999996,2.512988021452854,5.1321666666666665,11.74960357788887,5.932655973825992,58.13458333333333,2.511053772195296,0.009750000000000023,-1.1259959112481643,-0.00586542400272753,0.3301666666666669,-0.0012485855755724749,0.011375000000000038,-0.7528824496848197,-0.03797239232087708,0.331791666666667,0.0003428318409929327
GMB,6.6410833333333334,7.783207492897078,4.02043281357788,63.6865,2.5620597850354225,6.9575,6.768346634446945,2.849829485425689,63.328250000000004,2.6139044875720434,7.258,6.229726711157238,2.8844409503908346,63.02058333333334,2.6628593377241985,-0.3164166666666666,1.014860858450133,1.1706033281521908,0.35824999999999996,-0.05184470253662082,-0.30845833333333333,0.7767403908699199,0.5679959315935229,0.33295833333333297,-0.05039977634438789
GNB,2.9774999999999996,2.2502311838110907,3.927204038563913,61.08016666666666,2.433176894836761,3.0141666666666667,2.078888931947042,4.115332925685828,60.544999999999995,2.465171544169009,3.0520833333333335,1.5061466037691236,4.121623807602419,59.994499999999995,2.493718747060766,-0.03666666666666665,0.17134225186404914,-0.18812888712191503,0.5351666666666665,-0.03199464933224829,-0.03729166666666666,0.3720422900209837,-0.0972098845192529,0.542833333333333,-0.030270926112002466
GNQ,8.021416666666667,2.4712147351634415,-3.0428506640835633,61.531,3.31058142809677,7.989666666666667,2.633372581928757,-2.075081301532393,61.12433333333333,3.4714172394502185,7.949083333333333,2.883576617995741,-3.0873883186243964,60.70675,3.6449864297601366,0.03175000000000002,-0.162157846765315,-0.967769362551171,0.4066666666666669,-0.1608358113534483,0.03616666666666663,-0.2061809414161496,0.022268827270416236,0.4121249999999999,-0.16720250083168328
GRC,19.938416666666665,0.9826867104627132,0.2383348449146858,81.194918699187,-0.54061649097397,20.517583333333334,0.9714410394937506,-0.7627226611660426,81.11117886178863,-0.5293333019468537,20.541999999999998,0.5604184782268781,-1.6973665796405744,81.07784552845528,-0.4136024777852885,-0.5791666666666666,0.011245670968962488,1.001057506080728,0.08373983739837482,-0.011283189027116428,-0.3017916666666666,0.21113411611791758,0.9678507122776301,0.058536585365854286,-0.06350700659434073
GTM,2.5883333333333334,4.235356777947305,3.530160772429491,70.91891666666668,1.6932354216942873,2.6570833333333335,4.235985778609783,3.5827232195278396,70.72883333333333,1.73106826702828,2.6942500000000003,3.983850850683844,3.4743613241584086,70.61874999999999,1.7790122301066,-0.06875,-0.0006290006624782666,-0.05256244709834912,0.19008333333333383,-0.03783284533399248,-0.05295833333333331,0.1257529636317305,0.027899724135541277,0.15008333333333343,-0.04288840420615623
GUY,13.100583333333333,2.101431067952025,15.775717456611028,67.90466666666667,0.8507614166209462,13.09175,2.281150425124799,13.392487493664612,67.59541666666667,0.7684831458956021,13.068833333333332,2.082677264786725,8.459471429988605,67.28841666666666,0.6743169444268932,0.008833333333333316,-0.17971935717277424,2.3832299629464146,0.3092500000000011,0.08227827072534416,0.01587499999999999,0.009376901582649977,3.658123013311211,0.30812500000000104,0.08822223609702644
HKG,3.6485,2.5663843108113427,1.3789830945370225,84.5283130081301,0.5301503681279637,3.6879166666666667,2.8337712955987016,1.511553655472965,84.37536585365855,0.3734019201983973,3.688833333333333,2.868064946771885,2.3825096959854593,84.31674796747969,0.5102653302551814,-0.03941666666666669,-0.26738698478735917,-0.1325705609359423,0.15294715447154178,0.15674844792956644,-0.020166666666666666,-0.15084031798027123,-0.5017633007242184,0.10578252032519997,0.009942518936391162
HND,6.7132499999999995,4.893295167482105,3.356544579309652,71.42333333333333,1.8353919051365732,6.5802499999999995,4.901547481621524,3.3781981674372297,71.19266666666667,1.8647272678811133,6.192333333333333,4.535651776164191,3.3438297011199314,70.94725,1.9021585895428474,0.133,-0.008252314139419145,-0.02165358812757745,0.2306666666666667,-0.029335362744539992,0.2604583333333333,0.17882169565895675,0.006357439094860418,0.23804166666666696,-0.03338334220313705
HRV,11.117166666666668,2.3880382227790533,2.294307972635966,77.62743902439026,-0.8626041093327287,11.746916666666666,1.9156586808506362,1.971595295179198,77.48597560975611,-0.9001141472340626,12.147666666666666,1.1031565456395647,1.252386948514497,77.39430894308944,-0.8687224237865713,-0.62975,0.47237954192841686,0.32271267745676807,0.14146341463414203,0.037510037901333906,-0.51525,0.6424408385697441,0.5209605120607346,0.11656504065040468,0.003059157226921299
HTI,14.260666666666665,15.313045525863805,0.39448507378465375,63.493500000000004,1.3348733180864116,14.264583333333334,12.772985405897558,0.974659886005382,63.21391666666667,1.3328508315523881,14.32325,10.34326956870395,0.643865922213448,61.683,1.3360865338048258,-0.003916666666666715,2.5400601199662485,-0.5801748122207283,0.2795833333333337,0.002022486534023368,-0.031291666666666725,2.484887978579927,-0.12469042421439709,0.9052500000000002,-0.0006066078592070733
HUN,5.667916666666667,4.683233298852707,2.679372270679005,75.67926829268293,-0.3233748327952045,6.245666666666666,3.5836462173091235,2.907190315388244,75.53658536585367,-0.33579910399910173,6.8780833333333335,2.770930717948812,2.650154490698925,75.39817073170732,-0.33222941440157583,-0.57775,1.0995870815435833,-0.2278180447092395,0.1426829268292664,0.01242427120389724,-0.6050833333333333,0.9561512904519475,0.014608889990039694,0.1405487804878043,0.004427290803185648
IDN,4.023333333333333,4.031029903846462,4.480027809670857,69.59941666666667,0.9974336662204655,4.177083333333333,4.171585065723813,4.573424550450033,69.38966666666666,1.0336021803152138,4.356416666666667,4.248646878474731,4.6498126299480065,69.17625,1.0764764246229441,-0.15374999999999997,-0.14055516187735087,-0.09339674077917574,0.20974999999999958,-0.03616851409474847,-0.16654166666666662,-0.10880848731413419,-0.08489241013857414,0.21158333333333287,-0.0395213792012394
IND,6.9366666666666665,5.926437420352379,6.111495020241811,69.74249999999999,1.0934851790933717,7.223083333333332,6.198324934998584,5.782375125999603,69.3775,1.1379466853998406,7.457166666666667,6.639187916634074,5.856393436376552,68.9995,1.1933136085848886,-0.2864166666666667,-0.271887514646205,0.3291198942422082,0.3649999999999996,-0.04446150630646872,-0.26025000000000004,-0.35637524814084753,0.12755079193262917,0.3714999999999993,-0.04991421474575833
IRL,8.118166666666667,1.6670090396247323,7.348120728355409,81.94512195121952,1.2347008077578718,9.044083333333333,1.3544718252825867,7.693557443547246,81.77337398373986,1.1147285941867835,9.883166666666666,0.6254846578061013,7.20787684943992,81.62621951219514,0.995050906135272,-0.9259166666666666,0.3125372143421458,-0.34543671519183744,0.17174796747967488,0.11997221357108849,-0.8825,0.5207621909093155,0.07012193945774481,0.15945121951219574,0.1198249508112999
IRN,10.723666666666666,27.3511418376474,1.856762738340425,75.85858333333333,1.2077967991552396,11.087166666666667,25.82732516402916,1.6328766338319858,75.61416666666666,1.2104456065628162,11.469999999999999,23.044066726910824,1.7533039193722024,75.41341666666666,1.2146681951467495,-0.3635,1.5238166736182421,0.22388610450843918,0.24441666666666606,-0.0026488074075766894,-0.37316666666666665,2.153537555368288,0.05172940948411139,0.22258333333333324,-0.0034356979957550055
IRQ,12.718666666666666,2.373008519993638,3.707714677270087,70.2565,2.812824572996931,12.1315,2.4932670083233996,4.293445150211321,69.93241666666667,2.9195185627225997,11.53625,2.3168487824014963,4.16373821644343,69.60366666666667,2.9976592815366985,0.5871666666666667,-0.12025848832976165,-0.5857304729412339,0.324083333333333,-0.10669398972566914,0.5912083333333334,0.028079868796070828,-0.22801176958667155,0.3264166666666668,-0.09241735426988375
ISL,4.24975,3.85227533668835,3.20769648075515,82.66686991869919,1.5810745180384886,4.54225,3.457668973693201,2.890516404922394,82.65873983739837,1.5270679724329617,4.856833333333333,3.2150003083669993,1.9703070355701493,82.64024390243901,1.3055949363632788,-0.29250000000000004,0.39460636299514823,0.3171800758327557,0.008130081300809167,0.054006545605526646,-0.30354166666666665,0.31863751416067543,0.6186947225925002,0.013313008130083986,0.13773979083760488
ISR,4.701833333333333,1.1661762235922828,3.710330040017116,82.46463414634147,1.9803370791104549,5.015833333333333,1.1047717287034537,4.0180196832581725,82.33638211382114,1.8839790625839985,5.414583333333333,0.9623613493550387,3.9572760916422625,82.244918699187,1.8723443594169034,-0.314,0.06140449488882915,-0.3076896432410558,0.12825203252032577,0.09635801652645666,-0.35637500000000005,0.10190743711862209,-0.12347302581257287,0.10985772357723352,0.05399635984677582
ITA,10.424083333333334,1.9151671409243012,0.4913715706000179,82.87418699186992,-0.14601607916866766,10.485083333333334,1.678370333160486,0.4680189301261155,82.77723577235773,-0.11300899109953903,10.509583333333333,1.122055842290928,0.19367968290406212,82.7219512195122,-0.059298405768759437,-0.06100000000000002,0.23679680776381504,0.023352640473902397,0.09695121951219217,-0.03300708806912864,-0.04274999999999995,0.39655564931668663,0.14884594384797792,0.07611788617885887,-0.043358836699954086
JAM,6.7956666666666665,5.8721270720799446,1.4566679134647478,71.66475,0.23599206667512992,7.213333333333334,5.962270332012309,1.3720039077144435,71.72858333333333,0.2701879125794373,7.508916666666667,6.150685595215067,0.7139663706256334,71.77008333333333,0.3010576540045862,-0.4176666666666668,-0.09014325993236416,0.08466400575030412,-0.06383333333333374,-0.034195845904307375,-0.356625,-0.1392792615675613,0.371350771419557,-0.052666666666667084,-0.032532793664728124
JOR,16.008166666666668,2.2604319349825914,2.2618677678069377,75.64175,3.5396476250591937,15.698166666666665,2.433562915483138,2.2496258089322883,75.318,3.6121290604717298,15.223166666666666,2.484926504612304,2.221909064891445,75.04375,3.649593751225243,0.31000000000000005,-0.17313098050054668,0.012241958874649144,0.32374999999999926,-0.07248143541253577,0.3925,-0.11224728481485624,0.019979351457746264,0.29899999999999943,-0.05497306308302496
JPN,3.0810833333333334,0.9306482735437053,0.7376588969497538,83.95873983739837,-0.21904402225891936,3.2435833333333335,0.6355991672576328,0.6167234563885624,83.83790650406503,-0.19386533095572792,3.4509166666666666,0.36677033482093874,0.8797167183842728,83.74176829268293,-0.15538095923338688,-0.16249999999999995,0.2950491062860725,0.12093544056119147,0.12083333333333356,-0.02517869130319143,-0.18491666666666665,0.28193896936138324,-0.07102891071725947,0.10848577235772082,-0.03183153151276624
KAZ,5.011916666666667,8.523524088769731,3.3416666661953833,72.15833333333333,1.4584537159452209,5.058166666666667,8.017302828700789,3.5333333330041725,71.71716666666667,1.4491138925756593,5.1339999999999995,7.381686088644861,3.8749999999700724,71.28,1.4352668058891727,-0.04624999999999996,0.5062212600689416,-0.1916666668087892,0.44116666666666643,0.009339823369561658,-0.061041666666666584,0.570919000062435,-0.26666666688734464,0.4391666666666663,0.01159345502802416
KEN,4.0705,6.636022805921621,4.588803103702542,62.380500000000005,2.1492572030548116,3.844666666666667,7.165280719352985,4.5388959126661685,62.18358333333333,2.2131886324036083,3.6136666666666666,6.8570745700556195,4.805436959335258,61.96408333333333,2.29473966345467,0.22583333333333333,-0.529257913431365,0.04990719103637331,0.19691666666666663,-0.06393142934879663,0.22841666666666668,-0.11052588206699959,-0.10831692781635797,0.2082083333333333,-0.07274123019992915
KGZ,4.492666666666667,6.047236783994834,4.375028362586074,71.20060975609755,2.0573065709891467,4.504833333333333,6.537490886617776,4.120276817836144,70.980081300813,2.030192137909569,4.3995,6.041225298149379,3.33368750140235,70.75101626016259,1.999568112349469,-0.012166666666666659,-0.4902541026229416,0.25475154474992984,0.2205284552845488,0.0271144330795775,0.04658333333333333,0.0030057429227275203,0.520670430591862,0.22479674796747887,0.028869229319838773
KHM,0.3501666666666667,2.885099814872529,6.090014872807181,69.6495,1.4038253145125843,0.3769166666666666,3.164348109058576,6.279958847863559,69.41625,1.4234241184663583,0.42074999999999996,3.052072495068393,6.275543624909617,69.14816666666667,1.4422015620285091,-0.026749999999999996,-0.27924829418604663,-0.18994397505637836,0.23325000000000054,-0.019598803953774144,-0.03529166666666666,-0.0834863400979321,-0.0927643760512183,0.25066666666666687,-0.019188123757962475
KOR,3.3735,1.8305811487791919,2.690998020794698,82.47134146341465,0.29122392640646827,3.3999166666666665,1.8662902116184252,2.8664161363162735,82.23292682926832,0.3488484685113061,3.438833333333333,1.687104617945795,3.220924204769674,82.01930894308946,0.40599110610297656,-0.02641666666666669,-0.03570906283923336,-0.17541811552157585,0.2384146341463342,-0.05762454210483781,-0.032666666666666684,0.0717382654166983,-0.2649630919874879,0.22601626016260032,-0.057383589848254125
KWT,2.439083333333333,2.689287986187342,1.1696918556618188,79.87805691056911,3.6479330741168385,2.436666666666667,2.789057941887543,2.1110118702844947,79.45009349593496,3.70205316979597,2.4105833333333333,2.832037380037105,1.3502439399573871,79.2116280487805,3.7055431182896474,0.0024166666666666625,-0.0997699557002009,-0.9413200146226757,0.42796341463414933,-0.0541200956791316,0.014250000000000007,-0.07137469692488127,-0.09027604214778417,0.33321443089431213,-0.02880502208640449
LAO,2.0475,7.23871194528729,5.503331744565117,67.298,1.4684960674899916,2.0286666666666666,5.266949810940224,5.861079351119695,66.92641666666667,1.4731438029642525,1.9869166666666667,3.8524767027981586,6.346035933700164,66.50766666666667,1.4783281379666724,0.018833333333333344,1.9717621343470668,-0.3577476065545775,0.3715833333333336,-0.004647735474260817,0.030291666666666665,1.693117621244566,-0.4213520945675229,0.39516666666666705,-0.0049160352383403995
LBN,10.3955,54.52465738060808,-2.2322007197225187,77.59491666666666,1.0401452255330452,10.09275,36.49381085507132,-2.096540357321678,77.59083333333334,1.0881612953689768,9.731333333333334,22.5586431952311,-1.3801391465623087,77.55133333333333,1.1312192366859792,0.3027499999999999,18.030846525536763,-0.13566036240084037,0.004083333333332703,-0.04801606983593152,0.33208333333333334,15.98300709268849,-0.42603078658010496,0.021791666666666504,-0.04553700557646709
LBR,2.9121666666666663,12.188444334431061,2.3708740667417754,60.687999999999995,2.194716348981594,2.8543333333333334,12.054587163759294,2.663958344854903,60.46491666666666,2.3377632588815533,2.7968333333333333,12.029332422367547,2.7716016837828126,60.250249999999994,2.4004446264961334,0.05783333333333333,0.1338571706717665,-0.2930842781131275,0.2230833333333333,-0.14304690989995916,0.05766666666666668,0.07955595603175625,-0.20036380852051874,0.21887500000000001,-0.10286413875726959
LBY,19.272583333333333,7.947101507335295,6.1195073424287,72.1945,1.1772117282822991,19.3385,9.042543692118995,1.074626932116175,72.24541666666667,0.8826013525777899,19.34541666666667,8.900009817846966,2.1852157474799623,72.05658333333334,0.9496474548218109,-0.06591666666666669,-1.0954421847837006,5.044880410312527,-0.05091666666666702,0.2946103757045092,-0.03641666666666677,-0.47645415525583595,1.967145797474369,0.06895833333333336,0.11378213673024419
LCA,19.289083333333334,1.5653297010354443,1.5276889278433528,72.32725,0.35533240153254364,19.852916666666665,1.456896344550352,1.7041105978480413,72.34933333333333,0.3753991279599152,19.951583333333332,1.1962461062560001,0.03257521145054835,72.3575,0.414035759713366,-0.5638333333333333,0.10843335648509252,-0.17642167000468825,-0.022083333333333382,-0.02006672642737154,-0.33125,0.1845417973897221,0.7475568581964023,-0.015124999999999944,-0.029351679090411132
LKA,4.451583333333333,9.846349482771876,2.231307405217962,76.33558333333333,0.39808047328021146,4.417416666666667,9.027649000097059,3.147918338698362,76.107,0.5040661231186757,4.43875,5.402361231898184,4.4283483706665985,75.87058333333333,0.5437668424136596,0.0341666666666666,0.8187004826748167,-0.9166109334804,0.22858333333333405,-0.10598564983846415,0.006416666666666622,2.221994125436846,-1.0985204827243182,0.2325000000000005,-0.07284318456672402
LSO,16.629416666666668,5.510687105389501,0.7382073426409358,53.383,1.1479774001759224,16.61,5.40188819620334,0.9706897741285232,52.51258333333333,1.1298396809486968,16.563750000000002,4.512134325751895,1.2108473223535248,51.61533333333333,1.1042014717979016,0.019416666666666697,0.10879890918616085,-0.23248243148758765,0.8704166666666667,0.01813771922722564,0.032833333333333325,0.49927638981880285,-0.23631998985629452,0.8838333333333331,0.0218879641890105
LTU,8.390416666666667,3.9769815041847263,3.4348062083725446,75.06097560975611,-0.4423014298346178,9.102833333333335,3.561394504396901,3.9332540360338544,74.75040650406507,-0.7472438062616328,10.091083333333334,2.0292417934565035,3.7573935215701404,74.55243902439027,-0.9907215188488023,-0.7124166666666666,0.41558699978782504,-0.49844782766130996,0.3105691056910503,0.304942376427015,-0.8503333333333334,0.9738698553641113,-0.16129365659879782,0.25426829268292533,0.27421004450709224
LUX,5.783083333333334,2.01813387097367,2.149355077557112,82.3689024390244,2.094085047411975,5.777916666666666,1.990573853544675,2.2280932907969446,82.17540650406505,2.1109712770906466,5.764166666666667,1.6520464400810255,2.6329125774649014,81.98252032520325,2.095032768873681,0.005166666666666671,0.027560017428995016,-0.07873821323983211,0.19349593495935002,-0.016886229678671677,0.009458333333333353,0.18304371544632211,-0.24177874995389437,0.19319105691057104,-0.00047386073085291247
LVA,9.050500000000001,3.4319292315767718,2.554635039215061,74.46808943089431,-0.7443456182852154,9.862250000000001,3.051320012095599,2.8861309471743763,74.31382113821138,-0.9152404101837437,10.917833333333334,1.5184100979261785,2.4219815483539073,74.24756097560976,-1.0660683695258613,-0.81175,0.38060921948117254,-0.3314959079593151,0.15426829268292505,0.17089479189852833,-0.9336666666666665,0.9567595668252968,0.06632674543057711,0.11026422764227499,0.16086137562032296
MAC,2.0115,2.827459804319487,2.811107607990382,83.33069105691057,1.7594649370994297,2.041,3.2716149435796833,-1.6627350579456677,83.27154471544716,1.9343017642666105,2.0738333333333334,3.418651976655424,2.0089356936537324,83.20426829268293,2.029131501359236,-0.029499999999999995,-0.4441551392601963,4.473842665936051,0.05914634146341647,-0.17483682716718088,-0.031166666666666648,-0.29559608616796856,0.4010859571683252,0.06321138211382521,-0.13483328212990311
MAR,9.534333333333334,2.0434485357705583,2.6857459464621347,73.4355,1.1344711541015082,9.5355,1.6114304844914242,2.841496040047065,73.098,1.1628961439063659,9.508583333333334,1.1394734322944011,2.982068096054071,72.73633333333333,1.191571696859379,-0.0011666666666666308,0.4320180512791341,-0.15575009358493,0.33749999999999974,-0.028424989804857467,0.012875000000000053,0.4519875517380787,-0.14816107479596785,0.34958333333333336,-0.02855027137893538
MDA,1.4789166666666667,7.979025516190853,2.6515899451845257,70.30116666666667,-1.265052303953065,1.5711666666666666,7.501545565810186,3.0364371199770623,70.21575,-1.0329768154521008,1.7430833333333335,5.730424998050604,4.011437131026284,70.07658333333333,-0.8228705962350998,-0.09225,0.47747995038066654,-0.3848471747925366,0.08541666666666596,-0.23207548850096404,-0.1320833333333333,1.1243002590701245,-0.6799235929208792,0.11229166666666639,-0.22109085385898256
MDG,2.2198333333333333,6.826949029907447,2.7656019656338917,63.214333333333336,2.6045797796865595,2.1758333333333333,6.794300174522534,2.546883706905464,63.15,2.6360499329753035,2.267,6.884861125899428,2.2521455369687273,63.110749999999996,2.671643121271046,0.043999999999999984,0.03264885538491328,0.2187182587284274,0.06433333333333317,-0.03147015328874409,-0.02358333333333335,-0.028956047995990053,0.256728214332582,0.051791666666666424,-0.03353167079224328
MDV,5.910916666666666,2.1336797881796383,6.116899424401741,79.0,2.849217052354554,6.412916666666667,2.8291755532915843,6.4419463404523745,78.675,3.1116028245488057,6.960583333333333,3.147237385896256,5.855227865827416,78.34133333333334,3.278439774787092,-0.5019999999999999,-0.6954957651119459,-0.3250469160506331,0.3249999999999993,-0.2623857721942518,-0.5248333333333333,-0.5067787988583088,0.13083577928716306,0.3293333333333332,-0.21461136121626886
MEX,3.9539166666666667,4.54715946653928,1.6327299989219917,73.66341666666666,0.9873606196570538,4.15475,4.370444247615407,1.6402719698733668,73.56775,1.0326248130746984,4.325333333333334,4.058815167208428,1.745403427505306,73.5465,1.089843791168473,-0.2008333333333333,0.17671521892387246,-0.00754197095137502,0.09566666666666634,-0.04526419341764475,-0.18570833333333328,0.24417214966542622,-0.05633671429165706,0.058458333333332946,-0.051241585755709605
MKD,21.71166666666667,3.0711603183905005,2.1509280134530226,75.2619512195122,-0.4852002015637866,23.239,2.6164004619744383,2.133004746103049,75.2439430894309,-0.505650483511051,24.793916666666664,1.558505287032174,2.182993638137086,75.29166666666667,-0.5343915791163908,-1.5273333333333332,0.4547598564160625,0.0179232673499742,0.018008130081301015,0.020450281947264497,-1.5411249999999999,0.7563275156791635,-0.016032812342031588,-0.014857723577237062,0.024595688776302093
MLI,2.2085,1.8080297744870635,3.88072500215455,58.538999999999994,3.0575396046361547,2.079833333333333,1.8827665802830376,3.731555658826275,58.199666666666666,3.079081515817801,1.9954999999999998,1.1733874821006391,3.8876888523616864,57.862833333333334,3.09900552274081,0.12866666666666668,-0.07473680579597423,0.149169343328275,0.33933333333333354,-0.021541911181645834,0.1065,0.317321146193212,-0.0034819251035683543,0.33808333333333324,-0.020732959052327492
MLT,4.645166666666666,1.9298384598102019,6.5857275909803406,82.13760162601626,2.3630925725956655,4.887583333333334,1.752256600821866,5.783284541785442,81.92012195121951,2.0656877489777656,5.170083333333333,1.3657465105597784,6.092805414512671,81.84512195121953,1.900702741547996,-0.24241666666666664,0.1775818589883359,0.8024430491948983,0.21747967479675032,0.2974048236178997,-0.2624583333333333,0.2820459746252117,0.2464610882338354,0.1462398373983748,0.23119491552383478
MNE,16.796,3.0042645782916684,2.820545679316469,76.42154471544715,0.04266250646762859,17.347083333333334,2.576379078952741,2.5648311201319935,76.29613821138211,0.05581860997117239,17.746916666666667,1.544265990240081,2.1511686976583557,76.27967479674797,0.09060311375681397,-0.5510833333333333,0.42788549933892756,0.25571455918447583,0.12540650406504142,-0.0131561035035438,-0.4754583333333333,0.7299992940257939,0.33468849082905655,0.07093495934959526,-0.023970303644592687
MNG,5.933833333333333,8.212658461072172,5.353451920081908,70.8880487804878,1.855338421434799,5.89975,8.051294446225254,6.175840655536326,70.6369512195122,1.8849791815681243,5.949333333333333,7.625897260232304,6.286878325701192,70.35402439024391,1.9085524691457068,0.034083333333333354,0.16136401484691584,-0.8223887354544165,0.2510975609756005,-0.02964076013332498,-0.00775000000000009,0.2933806004199329,-0.4667132028096416,0.2670121951219464,-0.026607023855453726
MOZ,4.465916666666667,6.626532586269357,4.483614760817704,60.02533333333333,2.9354122379415326,4.185416666666667,6.963168485558431,4.621328765616595,59.368833333333335,2.9214598717059115,3.89125,7.142013515906224,4.8142686499751415,58.70458333333334,2.8989195270497334,0.2804999999999999,-0.3366358992890741,-0.1377140047988908,0.6565,0.013952366235620824,0.2873333333333333,-0.257740464818433,-0.16532694457871874,0.6603750000000002,0.01824635544589955
MRT,10.370166666666668,3.7786033643863957,3.975347957323729,66.97449999999999,3.0029190124517235,10.337333333333333,3.8397091352772974,3.755622395521044,66.747,3.0261351744100047,10.30175,3.569565350948015,3.407641101866524,66.52866666666667,3.047970955402812,0.03283333333333315,-0.0611057708909016,0.21972556180268496,0.22749999999999915,-0.023216161958281658,0.03420833333333323,0.10451900671919041,0.2838534277286025,0.22291666666666643,-0.022525971475544165
MUS,7.019333333333333,3.7168451787941805,2.635897924791155,74.0644918699187,-0.025036160304252247,7.175666666666667,3.672637692473018,2.5583661795763235,74.0523780487805,0.08040499748406642,7.286666666666666,3.019188674923741,2.1987108854765123,74.00676829268292,0.1253456566278549,-0.15633333333333335,0.04420748632116248,0.07753174521483175,0.012113821138208651,-0.10544115778831864,-0.13366666666666668,0.34882825193521994,0.2185935196573213,0.028861788617887768,-0.07519090846605354
MWI,5.1075,18.07990862441637,3.3770638619891584,63.71541666666667,2.699344729959566,5.0925,16.315998608062653,3.6259736271039458,63.007583333333336,2.7279853288012386,5.0725,15.187467041301758,4.122052859200236,62.320083333333336,2.7596393541675948,0.015000000000000062,1.763910016353717,-0.24890976511478757,0.7078333333333328,-0.028640598841672416,0.01749999999999997,1.4462207915573053,-0.3724944986055389,0.6976666666666667,-0.030147312104014525
MYS,3.5506666666666664,1.977608076259905,4.267626107051485,75.52258333333333,1.5506854288146525,3.483333333333333,2.0347418529478687,4.4140301928876795,75.42516666666667,1.5937897113760082,3.4324999999999997,1.8884213304704576,4.280122705622384,75.4195,1.6498425551491884,0.06733333333333337,-0.057133776687963385,-0.14640408583619421,0.09741666666666639,-0.043104282561355865,0.05908333333333338,0.044593372894723725,-0.006248299285449605,0.05154166666666643,-0.04957856316726791
NAM,20.06,4.978581553999576,2.1336989206561467,61.717666666666666,2.6873104407228268,20.08725,4.905719932997013,2.1877432652897983,60.822833333333335,2.6211764187579285,20.296,4.805189827606628,2.2411203235558967,60.14808333333334,2.5188771545334574,-0.027250000000000163,0.07286162100256258,-0.05404434463365182,0.8948333333333339,0.0661340219648983,-0.11800000000000015,0.08669586319647422,-0.05371070144987511,0.7847916666666667,0.08421664309468453
NER,0.7531666666666667,1.7364391361759812,5.774854729512181,59.45458333333334,3.5058075463221887,0.7455833333333334,1.673223467498886,5.83236496877851,59.156,3.541348485839966,0.7718333333333334,1.3880447309754478,5.555545530661412,58.8795,3.5808188484637213,0.0075833333333333135,0.06321566867709501,-0.057510239266329144,0.29858333333333315,-0.035540939517776655,-0.00933333333333333,0.17419720260026675,0.10965459942538429,0.2875416666666668,-0.03750565107076622
NGA,4.427416666666667,13.931068365804101,2.1308368334663537,52.72716666666667,2.37459275352969,4.485416666666667,12.778283947878075,2.2959267200231346,52.4795,2.4332924227487824,4.4785,12.352689310548243,2.603162255111059,52.24916666666667,2.49182013024821,-0.05800000000000002,1.1527844179260252,-0.1650898865567808,0.24766666666666673,-0.058699669219092455,-0.025541666666666702,0.7891895276279293,-0.2361627108223526,0.23900000000000013,-0.05861368835925995
NIC,4.957333333333334,5.793754115021155,3.3442481578517627,72.96191666666667,1.3270992245540383,5.116916666666667,5.768314901043293,3.501659965127986,72.71908333333333,1.3304787916978476,5.355333333333333,5.35062405206622,3.5733099368801287,72.49391666666666,1.34168777451697,-0.15958333333333333,0.025439213977863456,-0.1574118072762234,0.24283333333333343,-0.0033795671438091334,-0.19899999999999998,0.221565031477468,-0.11453088951418293,0.23399999999999999,-0.0072942749814657835
NLD,5.0415,2.5301528101561415,1.6089821171773646,81.58495934959352,0.571063435620932,5.161666666666666,2.405375862996612,1.806602228002703,81.53008130081302,0.5274208602459814,5.28375,1.6782173480149032,1.4992760422882057,81.4540650406504,0.49072454172090224,-0.12016666666666669,0.1247769471595291,-0.19762011082533845,0.05487804878049115,0.04364257537495048,-0.121125,0.42596773107061914,0.05485303744457944,0.06544715447154971,0.04016944695001486
NOR,3.854416666666667,2.7866908599316935,1.5974695703695614,82.51971544715447,0.9024529550802706,3.8229166666666665,2.433949336352111,1.6835975331384612,82.37662601626018,0.9156927853550005,3.847583333333333,2.15518127104272,1.4786661380455242,82.25060975609757,0.944632031934289,0.03150000000000001,0.35274152357958255,-0.08612796276889974,0.14308943089430784,-0.013239830274729995,0.003416666666666665,0.3157547944444867,0.05940171616201856,0.13455284552845367,-0.02108953842700924
NPL,10.948416666666667,6.686864870699843,4.329587316569348,68.63325,0.6505969948761887,10.96425,6.862798441195788,4.449525671975822,68.364,0.6937034622321708,10.956083333333334,7.000823300666718,4.3816173461508745,68.08775,0.677647203406146,-0.01583333333333344,-0.17593357049594505,-0.11993835540647495,0.26924999999999955,-0.043106467355982024,-0.00383333333333342,-0.15697921498343712,-0.026015014790763718,0.27274999999999966,-0.013525104264978669
NZL,4.778666666666667,2.332547898352969,2.878108036414485,81.77853658536586,1.4224756328472292,5.008416666666666,2.190443218650538,2.936378403169773,81.72833333333334,1.2942424965303891,5.279916666666667,1.784593143602314,2.766565860213529,81.64052845528455,1.3916406044872598,-0.22974999999999998,0.1421046797024308,-0.058270366755288405,0.0502032520325256,0.12823313631684016,-0.250625,0.2739773773753275,0.055771088100477983,0.06900406504065039,0.01541751417998477
OMN,2.926,1.1576460415201077,2.8759383118467166,78.83408333333334,4.128045083627648,2.9905000000000004,1.4152631809701972,2.9993212932822106,78.64316666666666,4.497234104092175,3.0414166666666667,1.4777996046905086,2.5398455668059565,78.58258333333333,4.305149137722082,-0.06449999999999999,-0.2576171394500894,-0.12338298143549409,0.19091666666666754,-0.3691890204645267,-0.05770833333333333,-0.16007678158520053,0.16804637252038002,0.12575000000000058,-0.08855202704721661
PAK,4.106333333333334,10.039860070563991,3.748966012289648,66.07858333333333,1.6212858700745516,3.73625,8.468857124391258,4.00688708323177,65.82941666666666,1.6786279381793958,3.3497500000000002,7.890941340959876,3.733854637606189,65.57616666666667,1.7388629063002607,0.3700833333333333,1.5710029461727333,-0.2579210709421215,0.24916666666666623,-0.05734206810484415,0.3782916666666667,1.0744593648020582,0.0075556873417297705,0.2512083333333332,-0.058788518112854564
PAN,6.419416666666667,1.5781404878050846,5.002703562281892,77.80491666666667,1.5691217039717227,6.209916666666667,1.943922894806528,5.3979158758747205,77.56033333333333,1.6079268480287492,6.023166666666666,1.9965593479599353,4.984153032784641,77.31808333333333,1.6510713225715383,0.20949999999999988,-0.36578240700144343,-0.39521231359282916,0.24458333333333235,-0.03880514405702664,0.198125,-0.20920943007742543,0.009275264748625093,0.24341666666666603,-0.040974809299907884
PER,4.0885,3.7138246875719467,2.928657609931633,75.31383333333333,1.2006878978016615,3.97,3.4566328100421693,3.4895271560237524,74.94608333333333,1.1712863657702888,3.9124166666666667,2.8895173347393937,3.9498126188732754,74.61708333333333,1.1457407815030425,0.11850000000000001,0.25719187752977746,-0.5608695460921199,0.36774999999999974,0.029401532031372562,0.08804166666666667,0.41215367641627626,-0.5105775044708212,0.34837500000000016,0.027473558149309425
PHL,2.85075,3.317457659757766,5.181717226562218,69.35458333333334,1.3040370091705256,2.9667499999999998,3.212490317405275,5.0433241556728845,69.29316666666666,1.4002651363495586,3.0506666666666664,3.0432135037249712,5.02278397504703,69.24408333333334,1.5075547226824242,-0.11599999999999998,0.10496734235249082,0.13839307088933328,0.06141666666666623,-0.09622812717903319,-0.09995833333333332,0.13712207801639706,0.07946662575759378,0.055249999999999716,-0.10175885675594933
PNG,2.6674166666666665,4.835144783704315,3.9724436610695792,64.76216666666666,2.3258773140751083,2.665,5.013655958481132,3.7471651108308834,64.53283333333333,2.4179074130564806,2.60775,5.077020101274978,4.115570946634319,64.348,2.51270200162242,0.0024166666666666347,-0.1785111747768167,0.2252785502386959,0.22933333333333353,-0.09203009898137247,0.029833333333333326,-0.12093765878533125,-0.07156364278237,0.2070833333333336,-0.0934123437736558
POL,5.571416666666667,3.63095903913781,3.329577634050821,77.25650406504066,-0.3068107525316532,6.140833333333333,3.023499764150212,3.746731945059995,77.12621951219514,-0.2718583995521635,6.70475,2.036103342894352,3.572854487453329,77.05040650406504,-0.2595699350231962,-0.5694166666666667,0.6074592749875984,-0.41715431100917394,0.1302845528455331,-0.03495235297948962,-0.5666666666666667,0.7974278481217292,-0.12163842670125367,0.10304878048780824,-0.023620408754228512
PRT,9.796083333333334,1.663553147521956,1.3122462450178758,81.29654471544717,0.01625525641100604,10.314166666666667,1.6086972379653328,0.9111206992484359,81.14166666666668,-0.11009597176761414,10.700249999999999,1.0728540426837043,0.4737692959649007,80.92459349593497,-0.16437483937632683,-0.5180833333333333,0.054855909556623374,0.40112554576944,0.15487804878048314,0.12635122817862016,-0.45208333333333334,0.2953495524191257,0.4192384745264876,0.18597560975609537,0.09031504789366641
PRY,5.8060833333333335,4.157725249084565,3.008011819873834,72.87408333333333,1.3584768406439949,5.712416666666666,4.45955403241246,2.9486070945228158,72.786,1.3665488602663893,5.53025,4.033353709000262,3.8585398363891232,72.80533333333334,1.3694729680424966,0.09366666666666663,-0.30182878332789487,0.059404725351017484,0.08808333333333235,-0.008072019622394152,0.13791666666666666,0.062185770042151346,-0.4252640082576448,0.034374999999999524,-0.005498063699250824
PSE,23.747,1.5967581826742492,1.8710569027509643,73.93866666666666,2.37875578695702,23.178416666666667,1.347270000021709,3.0507746339504127,74.63758333333334,2.3897492924300634,22.928083333333333,1.3479311131425582,3.1919914491856747,74.35758333333334,2.404040495909324,0.5685833333333333,0.24948818265254,-1.1797177311994484,-0.6989166666666667,-0.0109935054730433,0.4094583333333334,0.12441353476584542,-0.6604672732173551,-0.20945833333333339,-0.012642354476152058
QAT,0.18083333333333332,1.7624036856899663,2.3048066087591415,81.7195,4.0956045974385615,0.21666666666666667,1.6049634559652164,3.291093556454126,81.52166666666666,4.140452576249124,0.24333333333333332,0.9865857652131537,4.575027247469445,81.32058333333333,3.689168545388034,-0.03583333333333331,0.1574402297247499,-0.9862869476949844,0.19783333333333294,-0.04484797881056187,-0.03124999999999999,0.3879089602384062,-1.1351103193551517,0.199458333333333,0.20321802602526395
ROU,5.68825,3.9931191553837952,3.1917017608691363,74.94207317073172,-0.46194987924616143,5.8205833333333326,3.6091246396887287,3.3781896720284625,74.7758130081301,-0.5084316648717854,5.932666666666666,2.9671186349192964,2.7037292866892284,74.63455284552846,-0.5258105401741057,-0.13233333333333325,0.3839945156950666,-0.18648791115932664,0.1662601626016252,0.04648178562562397,-0.1222083333333333,0.5130002602322495,0.24398623708995373,0.1537601626016247,0.03193033046397208
RUS,4.94575,6.9121784257596195,1.4522781256076138,71.62217479674798,0.046943996339717124,5.237,7.126740554245956,1.4704034900313372,71.32461382113821,0.08054925844057605,5.532,6.552216601139876,1.9650603348484321,71.01591463414634,0.11369422500773334,-0.29124999999999995,-0.21456212848633593,-0.018125364423723367,0.297560975609759,-0.033605262100858915,-0.293125,0.1799809123098717,-0.2563911046204092,0.30313008130081737,-0.03337511433400808
RWA,12.317083333333334,7.208886249500142,6.677833488632174,66.11508333333333,2.3118920985835016,12.267416666666668,5.816438244994775,6.653540628492622,65.756,2.3330696427074877,11.980166666666667,4.321826723973755,6.584661398604156,65.36233333333332,2.3608350720067084,0.04966666666666671,1.3924480045053667,0.02429286013955333,0.35908333333333314,-0.021177544123985825,0.1684583333333333,1.4435297627631931,0.04658604501400948,0.37637500000000007,-0.0244714867116033
SAU,5.811,1.964186595884169,3.3674740783071164,77.697,2.4586258577022337,5.957833333333333,2.255780861743614,4.302159765580269,77.45333333333333,2.4503305168439993,5.954583333333333,2.4945594959898916,3.722070399501836,77.31216666666667,1.9993803716491454,-0.1468333333333333,-0.291594265859445,-0.9346856872731534,0.24366666666666603,0.008295340858234171,-0.07179166666666664,-0.2651864500528613,-0.17729816059735992,0.19241666666666646,0.22962274302654406
SDN,12.657333333333334,90.85448317599808,-3.75414001631232,64.831,2.7121322695779284,13.483166666666667,80.79516291602934,-1.5691617046472206,64.5685,2.770789608308316,14.119666666666667,70.30926342836612,-1.1678234926955327,64.34216666666667,2.746947452704539,-0.8258333333333333,10.059320259968741,-2.1849783116650996,0.26250000000000046,-0.05865733873038754,-0.7311666666666666,10.272609873815979,-1.2931582618083937,0.24441666666666664,-0.01740759156330542
SEN,4.071,2.1591444099424835,4.965571703959966,66.91533333333334,2.7740794162522247,4.07675,1.9477902691206135,4.721960057860772,66.59166666666667,2.7857903921499365,4.07325,1.2421121196141727,4.683664834194474,66.29441666666666,2.7790619867129998,-0.005750000000000026,0.21135414082187,0.24361164609919328,0.32366666666666666,-0.011710975897711659,-0.0011250000000000149,0.45851614516415534,0.14095343488274625,0.31045833333333306,-0.002491285230387476
SGP,3.823166666666667,1.8015561184883087,3.41845547835212,82.91199186991871,1.1035191716795687,3.860333333333333,1.8363421699996214,3.784582747305123,82.79918699186992,0.8724013698667061,3.9044166666666666,1.5611664272439763,4.652228538299114,82.68638211382115,0.7443357327724378,-0.0371666666666667,-0.0347860515113125,-0.36612726895300335,0.11280487804878327,0.23111780181286248,-0.040625,0.12019484562216624,-0.616886529973497,0.1128048780487791,0.17959171945356545
SLB,0.895,3.020367163550653,1.6951264266326371,69.52499999999999,3.0779953214733986,0.8824166666666667,3.1417711710305163,2.0775530107530495,69.383,3.184985570594604,0.89425,2.7695505333172665,3.1019410084590526,69.238,3.22062033025939,0.012583333333333342,-0.1214040074798634,-0.3824265841204126,0.14200000000000063,-0.1069902491212058,0.00037500000000000033,0.1254083151166933,-0.703407290913208,0.14350000000000065,-0.07131250439299582
SLE,3.7865,15.296228701297059,3.897687591763015,57.77583333333333,2.342547662490943,3.8945000000000003,11.891937834147749,4.096907032510396,57.00983333333334,2.3770926667848418,3.99475,10.22338569874911,4.18374964449485,56.23083333333333,2.418386331397499,-0.10799999999999994,3.404290867149307,-0.199219440747381,0.766,-0.03454500429389829,-0.10412499999999997,2.5364215012739737,-0.14303102636591747,0.7725,-0.03791933445327788
SLV,3.999416666666667,1.668243349036261,2.445173488749038,71.16816666666666,0.29505959549092614,4.1081666666666665,1.7585247510855384,2.4647091808718185,71.09258333333334,0.28625566488847454,4.266,1.2569180521387102,2.3980075309916065,71.00425,0.28110322769106005,-0.10874999999999997,-0.09028140204927748,-0.019535692122779946,0.07558333333333424,0.008803930602451592,-0.13329166666666667,0.20566264844877544,0.023582978878715855,0.08195833333333327,0.00697818389993305
SRB,14.205,4.714662882980958,2.307307753935097,75.19471544715448,-0.7380351630557264,15.429250000000001,4.611787322894375,1.9995027079384708,75.06097560975611,-0.7492769103656886,16.326333333333334,4.125207478561223,1.908460687859936,74.98597560975611,-0.5730226048308983,-1.2242499999999998,0.10287556008658323,0.3078050459966262,0.1337398373983672,0.011241747309962061,-1.0606666666666666,0.2947277022098674,0.19942353303758065,0.10436991869918383,-0.08250627911241404
STP,10.1135,9.576620875161042,2.9379911439505375,67.09816666666667,1.8166776570678567,10.546583333333333,8.998975284692719,3.0735894213114654,66.63183333333333,1.8247122014764223,11.018583333333334,8.610176721484043,3.1802358160356143,66.18433333333333,1.8462027030359243,-0.43308333333333326,0.577645590468325,-0.1355982773609278,0.46633333333333366,-0.008034544408565799,-0.4525416666666666,0.4832220768385,-0.12112233604253834,0.4569166666666667,-0.014762522984033724
SUR,7.800416666666667,29.12887200371618,-0.6959394197633998,71.21499999999999,1.0224834167534078,7.787166666666667,26.30591064383032,-0.4098748000342738,70.89741666666667,1.0419288174604864,7.718583333333334,22.513831888843566,-0.17965790034711046,70.59508333333333,1.0680445398011391,0.013249999999999984,2.822961359885859,-0.28606461972912595,0.31758333333333394,-0.019445400707078477,0.040916666666666636,3.307520057436306,-0.2581407597081448,0.3099583333333336,-0.02278056152386564
SVK,8.912083333333333,3.2473639134477534,2.253789180536853,76.81056910569107,0.043657798370912,9.561333333333334,2.696308774026237,2.2912715472040146,76.63048780487806,0.06209540784883757,10.248333333333333,1.7115480881274072,2.8117707104779126,76.47601626016261,0.09359976058870238,-0.64925,0.5510551394215167,-0.03748236666716176,0.18008130081300777,-0.01843760947792554,-0.668125,0.7679079126601732,-0.2789907649705298,0.16727642276422883,-0.024970981108895174
SVN,6.589166666666666,2.24386913878264,2.240515076611467,80.9859756097561,0.27006546846333307,6.965333333333334,1.7735336842460334,2.097148865239904,80.82276422764228,0.25435846174406823,7.234083333333333,1.187489630402435,1.9674515017101113,80.66768292682927,0.27491305390266096,-0.3761666666666667,0.4703354545366067,0.14336621137156316,0.16321138211381717,0.015707006719264855,-0.32245833333333335,0.5281897541901025,0.13653178745067773,0.15914634146341317,-0.0024237927196639406
SWE,7.536833333333334,2.2260497028104784,1.678601398475071,82.5237804878049,0.9077207486797497,7.552916666666667,1.7604268562048369,1.9592636467217959,82.39817073170734,0.9312567712130891,7.652333333333334,1.1594849427435343,2.3338743609996615,82.26422764227642,0.9455852512519877,-0.016083333333333363,0.4656228466056416,-0.28066224824672487,0.12560975609755923,-0.023536022533339324,-0.05775,0.5332823800334722,-0.3276364812622954,0.1297764227642298,-0.018932251286118956
TCD,1.1380833333333333,2.9239351147673,2.5550428099717486,52.4175,3.4597438667827816,1.1265,2.190008756167158,2.597991642088598,52.03058333333333,3.3727613434676953,1.1123333333333334,1.534517704095923,3.393335666873621,51.66216666666667,3.373101496537616,0.011583333333333327,0.7339263586001415,-0.042948832116849266,0.38691666666666674,0.08698252331508667,0.012874999999999975,0.6947087053356883,-0.41914642845093625,0.37766666666666665,0.04332118512258293
TGO,2.3823333333333334,2.368898439820126,5.078901429068538,60.276250000000005,2.471454444514015,2.385666666666667,2.2084175271224833,5.048163133396346,59.84991666666667,2.5015514273863158,2.420166666666667,1.6649484902999159,5.0114878892775545,59.42891666666667,2.5322437779397373,-0.0033333333333333617,0.1604809126976425,0.030738295672191704,0.4263333333333333,-0.030096982872300768,-0.018916666666666672,0.35197497476010503,0.03370676989549167,0.42366666666666664,-0.030394666712861174
THA,0.749,1.3392283325213417,2.341611002277913,76.59808333333334,0.31928120889912476,0.7429166666666666,0.9501232356197509,2.243476096425418,76.50558333333333,0.3749206369802187,0.7164166666666666,1.3549789630617601,2.654560411885249,76.48233333333333,0.42987636971837623,0.006083333333333339,0.38910509690159084,0.09813490585249478,0.09249999999999993,-0.05563942808109387,0.01629166666666665,-0.007875315270209201,-0.15647470480366815,0.05787499999999981,-0.055297580409625686
TLS,3.1978333333333335,3.883110949853082,3.0773820228240303,65.98658333333333,1.8386499901783584,3.3528333333333333,4.306401716975851,5.085253691096033,65.681,1.9417659846979298,3.499833333333333,4.286457329339762,7.573085076033169,65.372,2.0257363272038664,-0.155,-0.4232907671227695,-2.0078716682720024,0.30558333333333226,-0.10311599451957164,-0.151,-0.20167318974334045,-2.247851526604569,0.3072916666666661,-0.09354316851275414
TON,2.0332500000000002,3.5250144108979238,1.3328719502607063,72.10708333333334,-0.23355773260605783,2.0284166666666668,3.5183163465150087,1.659001433074123,71.98558333333334,-0.1849992657992837,1.9866666666666666,2.898611938314685,1.9050798862519365,71.87591666666667,-0.1342339302169692,0.00483333333333331,0.006698064382914944,-0.3261294828134167,0.12149999999999984,-0.04855846680677416,0.023291666666666638,0.3132012362916196,-0.28610396799561505,0.11558333333333333,-0.04966190119454431
TTO,3.4431666666666665,3.740983297522742,-0.560093483905247,72.75566666666667,0.24419341433926156,3.4484999999999997,3.780802503226569,-0.7068279740706047,72.65083333333332,0.2987131775875596,3.419333333333333,4.174203664294836,-0.5016643170910314,72.524,0.35765514672685766,-0.005333333333333283,-0.03981920570382669,0.14673449016535772,0.10483333333333293,-0.05451976324829804,0.011916666666666659,-0.21661018338604707,-0.02921458340710788,0.11583333333333334,-0.05673086619379806
TUN,15.930833333333332,5.911072945765291,1.4107410642350497,75.045,0.949920865320823,16.199833333333334,5.403658982850012,1.2248536105828676,74.87525000000001,0.9867572183284347,16.012249999999998,4.98970218214455,1.2430907056346434,74.74091666666668,1.0277205231487585,-0.26899999999999996,0.5074139629152783,0.1858874536521821,0.16974999999999932,-0.03683635300761156,-0.040708333333333235,0.46068538181037,0.08382517930020317,0.1520416666666661,-0.038899828913967725
TUR,10.8835,20.11520935224978,5.31017141906134,76.71091666666666,1.1616354567783787,10.916916666666665,16.166248594901404,5.804741321497748,76.5165,1.2500841912261094,11.03475,10.854382612935495,6.063155769118819,76.29758333333334,1.2946545823230735,-0.03341666666666667,3.948960757348375,-0.49456990243640947,0.1944166666666677,-0.08844873444773065,-0.075625,4.630413369657143,-0.37649217502873994,0.20666666666666697,-0.06650956277234744
TZA,2.03375,5.681211495187347,5.418397513279977,65.00033333333333,3.0807440927632044,2.1925,6.422189541526266,5.635283505182202,64.55225,3.07218989081173,2.3139166666666666,6.576346534341518,5.782826643712148,64.07291666666667,3.0383581110250244,-0.15875,-0.74097804633892,-0.21688599190222504,0.44808333333333356,0.00855420195147416,-0.1400833333333333,-0.4475675195770859,-0.182214565216085,0.46370833333333356,0.021192990869089993
UGA,3.0090833333333333,5.0594969271993575,4.56554040689189,65.117,3.146612482564626,3.073166666666667,5.9939470584199865,4.903430618358799,64.49525,3.1575388864960394,3.1346666666666665,5.725677393838619,4.990896427998786,63.85225,3.152230290246342,-0.06408333333333334,-0.9344501312206294,-0.3378902114669093,0.6217499999999999,-0.010926403931413335,-0.0627916666666667,-0.33309023331963045,-0.2126780105534479,0.6323749999999997,-0.0028089038408579217
URY,7.983833333333333,8.170029789755228,1.6686545939363768,77.21191666666667,0.15204407251051236,7.813166666666667,8.355340495094287,2.0369882805463884,77.08491666666667,0.1796852172924752,7.75325,8.154867915013199,2.3134201655460687,77.1035,0.21522682154023476,0.17066666666666666,-0.18531070533905925,-0.36833368661001115,0.12700000000000006,-0.027641144781962824,0.11529166666666664,0.007580937371014136,-0.322382785804846,0.054208333333333435,-0.03159137451486121
USA,5.364416666666667,2.581007339967634,2.4163060876721816,78.22073170731707,0.6418272956966062,5.8069999999999995,2.501049272040728,2.3060436585171975,78.2420731707317,0.6385690578155462,6.305583333333334,1.9708195738631185,2.3212784299825517,78.33434959349594,0.6611011699270125,-0.4425833333333334,0.07995806792690667,0.11026242915498419,-0.02134146341463371,0.00325823788106,-0.4705833333333333,0.3050938830522579,0.04751382884481501,-0.05680894308943311,-0.009636937115203137
UZB,5.069583333333333,11.85516335887121,6.087411411401713,71.541,1.7719448134532974,5.113416666666667,12.173759520127879,6.190221706685602,71.35391666666666,1.731031108864174,5.18875,12.368184599109261,6.323207176599534,71.16133333333333,1.6955598947724002,-0.04383333333333333,-0.3185961612566683,-0.1028102952838883,0.1870833333333337,0.04091370458912331,-0.05958333333333332,-0.25651062011902587,-0.11789788259890999,0.18983333333333383,0.0381924593404487
VCT,19.373583333333332,1.5228334152361978,1.947159895562363,70.5275,-0.6352597356609421,19.511750000000003,1.4079545750175029,1.4527731145231595,70.47575,-0.6223656418689928,19.56566666666667,0.9985388445213325,0.8209980363137245,70.4315,-0.5991984194496252,-0.13816666666666674,0.11487884021869503,0.4943867810392033,0.05175000000000077,-0.012894093791949232,-0.09604166666666662,0.26214728535743276,0.5630809296243191,0.04800000000000066,-0.01803065810565845
VNM,1.6426666666666667,3.6993450465674296,5.995298993019827,74.19691666666667,1.0503455378768627,1.5888333333333333,4.98474833410027,6.107644408208667,74.124,1.0903792720885022,1.5508333333333333,5.48899491644634,5.9314564377784125,74.04975,1.1231830997086762,0.05383333333333332,-1.28540328753284,-0.11234541518884004,0.07291666666666663,-0.0400337342116394,0.04591666666666668,-0.894824934939455,0.03192127762070751,0.07358333333333293,-0.036418780915906834
VUT,5.035833333333334,3.386915924954407,1.8979343388331262,70.45933333333333,2.2882345337197214,5.019166666666666,2.5278568746180405,1.9851059763481362,70.31366666666666,2.2753166386881323,4.986166666666667,2.201472614276563,1.6578258579371064,70.16933333333334,2.2772529680289026,0.016666666666666653,0.8590590503363665,-0.08717163751501004,0.145666666666667,0.012917895031589159,0.024833333333333305,0.592721655338922,0.12005424044800994,0.14500000000000077,0.005490782845409583
WSM,7.851166666666667,2.6382484048549255,1.9555264058684394,71.08133333333333,0.8901372621956011,7.9145,2.4143958270646397,1.0068153475245694,71.05591666666668,0.9086824381770002,7.96225,1.565656247072414,1.328287795034756,71.04766666666667,0.9165589974558506,-0.06333333333333334,0.22385257779028578,0.94871105834387,0.02541666666666605,-0.018545175981399,-0.05554166666666669,0.5362960788912557,0.3136193054168415,0.016833333333333186,-0.013210867630124698
ZAF,28.07183333333333,5.294810807532105,1.0675483224598212,64.34025,1.469156613026107,27.45025,5.205278269378238,1.264419299762333,63.87883333333334,1.4615077502114877,26.73483333333333,4.957580172214723,1.346218988458802,63.3315,1.4422525244294369,0.6215833333333333,0.08953253815386668,-0.1968709773025118,0.4614166666666666,0.007648862814619178,0.6685,0.16861531765869123,-0.1393353329994904,0.5043749999999996,0.013452044298335027
ZMB,5.922916666666667,11.01621149083723,3.921197727228636,62.00691666666666,3.012010582096781,6.3135,10.644950250790682,3.937973505370269,61.29808333333333,3.05627792345267,6.913250000000001,10.437330035185603,4.361890148750171,60.5995,3.114467282819216,-0.39058333333333334,0.37126124004655,-0.01677577814163343,0.7088333333333333,-0.04426734135588912,-0.4951666666666666,0.2894407278258146,-0.22034621076076796,0.7037083333333332,-0.051228350361217444
ZWE,7.01475,94.43032807452944,3.2600524177955954,59.842666666666666,1.5327760719105223,6.683083333333333,85.99374133282178,3.996972991889812,59.104000000000006,1.540739029469484,6.29825,77.52019961586525,5.124985027408993,58.23441666666667,1.5330001906410715,0.3316666666666667,8.436586741707677,-0.7369205740942165,0.7386666666666665,-0.007962957558961658,0.35825,8.455064229332093,-0.9324663048066988,0.804125,-0.00011205936527459443
