country,country_code,unemployment,inflation,gdp_growth,life_expectancy,population_growth,unemployment_lag1,inflation_lag1,gdp_growth_lag1,life_expectancy_lag1,population_growth_lag1,unemployment_lag2,inflation_lag2,gdp_growth_lag2,life_expectancy_lag2,population_growth_lag2,unemployment_change_1y,inflation_change_1y,gdp_growth_change_1y,life_expectancy_change_1y,population_growth_change_1y,unemployment_trend_3y,inflation_trend_3y,gdp_growth_trend_3y,life_expectancy_trend_3y,population_growth_trend_3y
Afghanistan,AFG,14.008,-4.64470870797774,2.26694373649188,66.035,2.13559384981397,14.1,13.7121023720064,-6.24017199240269,65.617,1.43570437048699,12.006,5.13320340824962,-20.7388393676343,60.417,2.35609779179185,-0.0920000000000005,-18.35681107998414,8.50711572889457,0.4179999999999921,0.6998894793269799,1.0009999999999994,-4.88895605811368,11.50289155206309,2.8089999999999975,-0.11025197098894
Angola,AGO,14.051,13.6441017767714,1.26330814020108,64.617,3.08065530722915,14.124,21.3552901320822,4.21600258475137,64.246,3.14302612044601,15.799,25.754294884189,2.10275251923413,62.958,3.18132259995095,-0.0730000000000004,-7.711188355310799,-2.9526944445502896,0.3710000000000093,-0.0623708132168601,-0.8739999999999997,-6.0550965537088,-0.419722189516525,0.829500000000003,-0.0503336463609001
Albania,ALB,10.669,4.75834555150038,4.01541716935742,79.602,-1.54310811387613,10.785,6.72520271530059,4.8268006234359,78.769,-1.54315667695786,11.474,2.04147163139544,8.96957619074095,76.844,-1.54312080996395,-0.1159999999999996,-1.96685716380021,-0.8113834540784799,0.8329999999999984,4.85630817299e-05,-0.4024999999999998,1.35843696005247,-2.477079510691765,1.3790000000000049,6.34804390997612e-06
United Arab Emirates,ARE,2.151,1.62670837213248,4.30118228020602,82.909,3.97717097504667,2.872,5.29122604376849,7.51448425801082,80.487,5.08834153373914,3.105,0.179935336174431,4.55278571242283,79.083,1.83513009029147,-0.7210000000000001,-3.66451767163601,-3.2133019778048,2.4220000000000113,-1.1111705586924696,-0.4770000000000001,0.7233865179790245,-0.125801716108405,1.913000000000004,1.0710204423776002
Armenia,ARM,12.405,1.98041877615553,8.29999999959539,77.4658536585366,-0.165163937436499,13.451,8.64091108973854,12.5999999997766,74.7658536585366,0.2326562627468,15.469,7.1848362944337,5.80000000065645,72.2780487804878,0.0270096898904032,-1.0460000000000012,-6.660492313583009,-4.30000000018121,2.700000000000003,-0.397820200183299,-1.532,-2.602208759139085,1.2499999994694695,2.5939024390244043,-0.096086813663451
Australia,AUS,3.668,5.59701792296707,3.58382100798981,83.0512195121951,2.43450716351535,3.728,6.59409658717841,4.25304559238732,83.2,1.28931130985537,5.022,2.86391284709318,2.00694844335034,83.3,0.14089508329287,-0.06,-0.9970786642113404,-0.6692245843975098,-0.148780487804899,1.1451958536599802,-0.677,1.366552537936945,0.7884362823197351,-0.1243902439024466,1.14680604011124
Austria,AUT,5.264,7.81413417002831,-0.786244288594673,81.7926829268293,0.989464653969154,4.992,8.54686993188457,5.33096379400371,81.2951219512195,0.956287797076634,6.459,2.7666666666667,4.92309171717903,81.190243902439,0.435671684056384,0.2720000000000002,-0.7327357618562607,-6.117208082598383,0.4975609756098009,0.0331768568925199,-0.5974999999999997,2.5237337516808047,-2.854668002886852,0.3012195121951535,0.2768964849563849
Azerbaijan,AZE,5.64,8.7854304984908,1.35447749115767,74.429,0.120242150339289,5.65,13.8522590144267,4.71468033247649,74.125,0.039507866238038,6.04,6.65029912708778,5.61644027150554,70.999,0.441197735816311,-0.0100000000000006,-5.0668285159358994,-3.36020284131882,0.304000000000002,0.080734284101251,-0.2000000000000001,1.0675656857015103,-2.130981390173935,1.7150000000000034,-0.1604777927385109
Burundi,BDI,0.911,26.9414835762453,3.254768974261,63.651,2.72764441044431,0.909,18.8008786664944,2.31770122223331,62.882,2.70585008916716,1.118,8.4045384507634,3.23707479823578,62.101,2.72425539520386,0.002,8.140604909750902,0.9370677520276902,0.7690000000000055,0.0217943212771496,-0.1035,9.26847256274095,0.0088470880126101,0.7750000000000021,0.0016945076202248
Belgium,BEL,5.547,4.04901077613941,1.71412195515242,82.4,0.850263748167955,5.57,9.597511728725,3.9562379757933,81.7487804878049,0.808165350001861,6.248,2.44024851144084,6.25445686466593,81.790243902439,0.411601996532257,-0.0230000000000005,-5.54850095258559,-2.2421160206408803,0.6512195121951123,0.042098398166094,-0.3505000000000002,0.8043811323492849,-2.2701674547567547,0.3048780487805018,0.219330875817849
Benin,BEN,1.641,2.73870078406074,6.3527773854442,60.774,2.52274772277722,1.685,1.35077863583527,6.25294705373625,60.475,2.54740926342667,1.833,1.73353962694035,7.1554516457574,59.61,2.59230167510348,-0.044,1.38792214822547,0.0998303317079498,0.2989999999999995,-0.0246615406494496,-0.0959999999999999,0.502580578560195,-0.4013371301566,0.5820000000000007,-0.03477697616313
Burkina Faso,BFA,3.601,0.742910428668917,3.00027415814125,61.092,2.26973666268599,3.828,14.2902354303358,1.62673258211919,60.7,2.30907147387783,4.511,3.65326761825508,6.94252492572348,60.046,2.37649218888363,-0.2269999999999998,-13.547325001666882,1.37354157602206,0.3919999999999959,-0.0393348111918401,-0.455,-1.455178594793081,-1.971125383791115,0.5229999999999997,-0.0533777630988199
Bangladesh,BGD,3.352,9.8835030377921,5.77511237007889,74.672,1.22171475464107,4.593,7.69695437176898,7.09982877575158,74.265,1.02423384746683,5.457,5.54565430773473,6.93867912442445,71.103,0.814977993693211,-1.241,2.1865486660231195,-1.3247164056726897,0.4069999999999965,0.19748090717424,-1.0525,2.1689243650286847,-0.5817833771727798,1.7845000000000013,0.2033683804739295
Bulgaria,BGR,4.319,9.44284140088564,1.68151074972904,75.7560975609756,-0.286577641861364,4.148,15.3252589264367,4.0838640915123,74.1609756097561,-0.650676134087796,5.166,3.29774435299506,7.82817232822165,71.2121951219512,-0.664652622488209,0.1710000000000002,-5.882417525551059,-2.40235334178326,1.595121951219511,0.364098492226432,-0.4235000000000002,3.07254852394529,-3.073330789246305,2.2719512195122036,0.1890374903134225
Bahrain,BHR,1.049,0.0746206782192255,3.87811614845566,81.284,3.37686417721007,1.265,3.62574104304482,6.18016125475185,80.992,1.34221960637543,1.548,-0.60631938514085,4.35004091668986,78.083,2.16102845934147,-0.2159999999999999,-3.5511203648255942,-2.3020451062961897,0.2920000000000016,2.03464457083464,-0.2495,0.3404700316800377,-0.2359623841170999,1.6005000000000038,0.6079178589343
"Bahamas, The",BHS,8.645,3.05291578969742,3.04824180553773,74.552,0.477303918283875,9.25,5.60540633583043,10.8779009410268,74.491,0.293483989063331,11.078,2.90491262928478,17.5861390037409,70.752,0.128749531818761,-0.6050000000000004,-2.5524905461330096,-7.82965913548907,0.061000000000007,0.1838199292205439,-1.2165,0.07400158020632,-7.268948599101585,1.9000000000000057,0.1742771932325569
Bosnia and Herzegovina,BIH,10.668,6.1059011284828,1.99439414850893,77.85,-0.617510129445164,12.657,14.0208440826771,4.22681333390325,76.777,-1.24363802761194,14.897,1.98163900587622,7.39164256472846,74.567,-1.66384860150923,-1.9890000000000008,-7.9149429541942995,-2.2324191853943196,1.0729999999999933,0.626127898166776,-2.1145000000000005,2.06213106130329,-2.6986242081097647,1.6415000000000006,0.523169236032033
Belarus,BLR,3.461,5.00059903091312,4.12654007153881,74.1837804878049,-0.540824986374776,3.574,15.2096752740809,-4.65839591328999,74.1033658536585,-0.804228426880244,3.9,9.46028389623105,2.43886210234947,72.0714634146342,-0.82823272086807,-0.1129999999999999,-10.20907624316778,8.784935984828799,0.0804146341463933,0.2634034405054679,-0.2195,-2.229842432658965,0.8438389845946699,1.0561585365853503,0.1437038672466469
Belize,BLZ,8.278,4.38984017487674,0.500127941638667,73.566,2.05772774277288,8.682,6.27689319447543,9.25051329530994,72.19,1.85124805102003,10.302,3.2356365923707,17.9899244143607,70.917,1.1534704907648,-0.4039999999999999,-1.8870530195986897,-8.750385353671273,1.3760000000000048,0.2064796917528499,-1.0119999999999996,0.5771017912530201,-8.744898236361017,1.3245000000000005,0.45212862600404
Bolivia,BOL,3.024,2.57688800489192,2.51636590154891,68.581,1.37334382280772,3.552,1.74632872945968,3.74741781241461,67.434,1.16425907336882,5.089,0.737383721452274,10.0290488827886,61.427,1.01931284088344,-0.528,0.83055927543224,-1.2310519108656997,1.1470000000000056,0.2090847494388998,-1.0325000000000002,0.919752141719823,-3.756341490619845,3.5770000000000017,0.1770154909621399
Brazil,BRA,7.947,4.59356282283203,3.24165532813583,75.848,0.395928695574996,9.231,9.28010608956872,3.01669435408112,74.872,0.360180890872169,13.158,8.30165975585673,4.7626043797061,73.038,0.425360907216456,-1.2839999999999998,-4.68654326673669,0.2249609740547096,0.9759999999999992,0.035747804702827,-2.6054999999999997,-1.8540484665123504,-0.7604745257851351,1.4050000000000011,-0.0147161058207299
Barbados,BRB,6.54,3.18718905472631,2.914357359625,76.178,0.0063755857590991,7.261,2.8095479742372,17.2264626793379,75.676,0.0605883465692588,11.015,2.4319068937480903,-0.0967779613221893,76.58,0.159263661079578,-0.7210000000000001,0.3776410804891101,-14.3121053197129,0.5019999999999953,-0.0542127608101596,-2.2375000000000003,0.3776410804891099,1.5055676604735946,-0.2010000000000005,-0.0764440376602394
Brunei Darussalam,BRN,5.296,0.35706431153689,1.12764418162719,75.327,0.782881746925984,5.191,3.68225030604215,-1.62833154515108,72.917,0.804554269312164,4.905,1.73341388450593,-1.59076260099606,74.869,0.96027430523198,0.1050000000000004,-3.32518599450526,2.75597572677827,2.4099999999999966,-0.02167252238618,0.1955,-0.68817478648452,1.359203391311625,0.2289999999999992,-0.0886962791529979
Bhutan,BTN,3.126,4.22934419929251,4.63215704523927,72.975,0.698146584889649,5.947,5.6391667139637,5.21386783786224,72.754,0.703183917780367,4.803,7.3468144053353,4.42136738945015,72.448,0.703488233671584,-2.821,-1.4098225146711902,-0.5817107926229692,0.2209999999999894,-0.005037332890718,-0.8385,-1.558735103021395,0.10539482789456,0.2635000000000005,-0.0026708243909674
Botswana,BWA,23.381,5.06761549343829,3.20806812224438,69.163,1.64031664035479,23.615,11.665567478802,5.48601706446772,68.749,1.58848021878269,23.106,7.24097765588442,11.9162724376008,63.303,1.49130106425067,-0.2339999999999982,-6.59795198536371,-2.2779489422233405,0.4140000000000015,0.0518364215720998,0.1374999999999993,-1.0866810812230647,-4.354102157678209,2.9299999999999997,0.0745077880520599
Central African Republic,CAF,6.181,2.97913852618936,0.69996840076054,57.408,1.06107453184959,6.287,5.58316735183246,0.453901876447787,18.818,-0.275432271573156,6.701,4.25936417542868,0.982919996264229,40.279,1.68608971248183,-0.1059999999999998,-2.6040288256430997,0.246066524312753,38.59,1.336506803422746,-0.2599999999999998,-0.6401128246196601,-0.1414757977518445,8.564499999999999,-0.3125075903161199
Canada,CAN,5.415,3.87900159788425,1.52874550838358,81.6263414634146,2.90468017061162,5.279,6.80280115341612,4.18903628100851,81.0948780487805,1.80390457488184,7.527,3.39519318527527,5.95052802804381,81.4514634146342,0.553902422386893,0.1360000000000001,-2.9237995555318705,-2.6602907726249305,0.5314634146341035,1.1007755957297798,-1.056,0.2419042063044898,-2.210891259830115,0.0874390243901999,1.1753888741123633
Switzerland,CHE,4.043,2.13540088016386,0.683328174376044,84.1560975609756,1.26498425447772,4.122,2.83502798644451,3.04406102969423,83.6048780487805,0.829927183900371,5.013,0.581814168489855,5.55962020605844,83.7512195121951,0.765501039496593,-0.0789999999999997,-0.6996271062806496,-2.3607328553181857,0.5512195121950896,0.4350570705773489,-0.4849999999999999,0.7767933558370026,-2.4381460158411983,0.2024390243902445,0.2497416074905634
Chile,CHL,9.013,7.58168251407962,0.521367977246825,81.167,0.53962870957127,8.249,11.6438667110559,2.15399356192458,79.176,0.495789591494285,9.281,4.52456838259143,11.3149204879049,78.876,0.441498091207504,0.7639999999999993,-4.06218419697628,-1.632625584677755,1.9909999999999997,0.0438391180769849,-0.1340000000000003,1.5285570657440948,-5.396776255329037,1.1454999999999984,0.0490653091818829
China,CHN,4.67,0.23483682889305,5.41484330099675,77.953,-0.103794531589067,4.98,1.9735755573905,3.1341888719577,78.202,-0.0130995013525784,4.55,0.981015135544881,8.57008513166322,78.117,0.0892522000412526,-0.3100000000000005,-1.73873872849745,2.28065442903905,-0.2489999999999952,-0.0906950302364886,0.06,-0.3730891533259154,-1.577620915333235,-0.0820000000000007,-0.0965233658151598
Cote d'Ivoire,CIV,2.263,4.36972254867474,6.60000045223954,61.944,2.50384681190665,2.31,5.23352856100842,6.39988362720531,61.562,2.51622934953513,2.623,4.15919657911797,7.06332910205232,60.29,2.47398737434864,-0.0470000000000001,-0.8638060123336802,0.2001168250342297,0.382000000000005,-0.01238253762848,-0.1800000000000001,0.1052629847783848,-0.2316643249063901,0.8270000000000017,0.0149297187790051
Cameroon,CMR,3.607,7.38281384280983,3.34756290750219,63.7,2.64245336134821,3.646,6.24767713343861,3.7367840056412,62.443,2.62905090961273,3.976,2.27185762503637,3.33885747179505,61.146,2.65496076580698,-0.0389999999999997,1.1351367093712206,-0.3892210981390098,1.257000000000005,0.0134024517354802,-0.1844999999999999,2.55547810888673,0.00435271785357,1.277000000000001,-0.0062537022293849
"Congo, Rep.",COG,19.919,4.30174563591016,1.90686426346754,65.772,2.41919038084212,20.131,3.04344334698477,1.47535613247133,65.0,2.39665300284304,21.998,1.7156427545126,1.01507036990908,64.192,2.39414288318435,-0.2119999999999997,1.2583022889253894,0.4315081309962099,0.7720000000000056,0.0225373779990798,-1.0395000000000003,1.29305144069878,0.44589694677923,0.7900000000000063,0.0125237488288849
Colombia,COL,9.591,11.7359044948689,0.712380031974334,77.725,1.12092864340999,10.541,10.1772313546166,7.32827729427979,76.508,1.06829295530618,13.898,3.49505757399448,10.8011981904878,72.698,1.09642825395961,-0.9500000000000012,1.5586731402522993,-6.615897262305456,1.2169999999999987,0.0526356881038101,-2.1535,4.12042346043721,-5.044409079256733,2.5135000000000005,0.01225019472519
Comoros,COM,3.833,8.37373955490995,2.99521564038136,66.777,1.92327433672711,3.879,12.5320314570998,2.60301031927843,66.481,1.93837687010445,4.394,-0.0044179368234698,2.0001921183449,65.201,1.97631988078353,-0.0459999999999998,-4.15829190218985,0.3922053211029297,0.2960000000000065,-0.01510253337734,-0.2804999999999999,4.189078745866709,0.49751176101823,0.7880000000000038,-0.02652277202821
Cabo Verde,CPV,11.882,3.72437535861454,4.7947613911073,76.059,0.497087597239901,12.239,7.93092928079189,15.843675684642,75.907,0.596688345869947,13.932,1.86215256793885,7.03353010694514,74.424,0.38203217521266,-0.3570000000000011,-4.20655392217735,-11.0489142935347,0.152000000000001,-0.099600748630046,-1.0250000000000004,0.9311113953378451,-1.11938435791892,0.8174999999999955,0.0575277110136205
Costa Rica,CRI,8.325,0.525193508693455,5.11192183224598,80.799,0.46646444898736,11.325,8.27477490232654,4.55149177958398,79.316,0.429453043658398,15.139,1.72647755109241,7.93576224743147,78.05,0.508564932290693,-3.0,-7.749581393633084,0.5604300526620003,1.483000000000004,0.037011405328962,-3.407,-0.6006420211994774,-1.411920207592745,1.3745000000000047,-0.0210502416516664
Cyprus,CYP,5.835,3.54134188751663,3.61945644636856,81.648,1.0167681770201,6.806,8.39548297993334,8.27372597293814,80.434,1.06174678712373,7.513,2.44608867175474,11.3975590801512,80.573,1.1499785451605,-0.971,-4.854141092416709,-4.65426952656958,1.2139999999999986,-0.04497861010363,-0.839,0.5476266078809451,-3.88905131689132,0.5375000000000014,-0.0666051840702
Czechia,CZE,2.579,10.6612601372427,0.0475803308973752,79.8268292682927,1.78238907045946,2.224,15.100165146837,2.8471706583814,78.9292682926829,1.5709725672011,2.803,3.83984491500146,4.02901832055149,77.2219512195122,-1.81187141002542,0.355,-4.438905009594301,-2.7995903274840246,0.8975609756097924,0.2114165032583601,-0.1119999999999998,3.4107076111206194,-1.9907189948270576,1.302439024390246,1.79713024024244
Germany,DEU,3.071,5.94643667725823,-0.869647578573321,81.0414634146342,0.131511079477747,3.137,6.87257438551096,1.8092581243061,80.6080487804878,-0.0219565701848977,3.594,3.06666666666673,3.90999994204108,80.790243902439,0.0423270572552137,-0.0659999999999998,-0.92613770825273,-2.6789057028794208,0.4334146341463878,0.1534676496626447,-0.2614999999999998,1.43988500529575,-2.3898237603072,0.1256097560975959,0.0445920111112666
Denmark,DNK,5.094,3.30517811237605,0.604587766175584,81.7536585365854,0.741185515720057,4.434,7.69656699889259,0.443832614908331,81.3048780487805,0.787502464739957,5.065,1.85304543989689,6.50025445756295,81.4048780487805,0.433414489409722,0.6600000000000001,-4.391388886516539,0.1607551512672529,0.4487804878049104,-0.0463169490199,0.0144999999999999,0.7260663362395798,-2.947833345693683,0.1743902439024509,0.1538855131551675
Dominican Republic,DOM,5.555,4.78561281021135,2.19229848237939,73.72,0.891159203732232,5.504,8.81109209279587,5.23795652902595,74.211,0.959629735113671,7.702,8.24300347981809,14.0124289062207,71.757,1.04082961778304,0.0510000000000001,-4.025479282584519,-3.04565804664656,-0.4909999999999996,-0.0684705313814389,-1.0735,-1.7286953348033696,-5.910065211920655,0.9814999999999968,-0.074835207025404
Algeria,DZA,11.645,9.32217375928322,4.10000000005964,76.261,1.49897601193923,12.382,9.26551551551552,3.60000000094915,76.129,1.58758210690673,13.656,7.22606307415477,3.79999999900707,75.208,1.61936460233826,-0.7370000000000001,0.0566582437676999,0.4999999991104897,0.1319999999999908,-0.0886060949675,-1.0055000000000005,1.0480553425642252,0.1500000005262849,0.5264999999999986,-0.060194295199515
Ecuador,ECU,3.51,2.21568764237058,1.98823813984235,77.392,0.872456027022398,3.713,3.46616972213076,5.86842354862311,76.577,0.796723652034201,4.504,0.133251386096389,9.42189269033631,72.746,0.774314023514489,-0.2030000000000003,-1.25048207976018,-3.88018540878076,0.8149999999999977,0.0757323749881969,-0.4969999999999999,1.0412181281370954,-3.71682727524698,2.3230000000000004,0.0490710017539545
"Egypt, Arab Rep.",EGY,6.753,33.8847763115546,3.76028052279247,71.633,1.68834126904494,6.546,13.8956609775177,6.58784560886967,71.01,1.48609697540294,7.441,5.21404940513042,3.29064601202211,68.976,1.4908053906311,0.2069999999999998,19.989115334036903,-2.8275650860772,0.6229999999999905,0.2022442936419999,-0.3439999999999998,14.335363453212093,0.2348172553851799,1.3284999999999982,0.0987679392069199
Spain,ESP,12.179,3.53236133492432,2.46085796805582,83.9341463414634,1.17836618688432,13.033,8.39057634118626,6.37031712129601,83.1341463414634,0.718854879160094,14.914,3.09313511976419,6.68314420473001,83.1780487804878,0.178046695121711,-0.8539999999999992,-4.858215006261941,-3.90945915324019,0.7999999999999972,0.459511307724226,-1.3674999999999995,0.2196131075800651,-2.111143118337095,0.3780487804878021,0.5001597458813045
Estonia,EST,6.378,9.15922507983982,-2.74421914571231,78.7926829268293,1.57745133607335,5.571,19.3982634080616,-1.22616966587796,77.8439024390244,1.33655151148286,6.178,4.65316673847472,8.25488044580031,76.9439024390244,0.105996956310127,0.8070000000000004,-10.23903832822178,-1.51804947983435,0.9487804878048962,0.2408998245904898,0.1,2.2530291706825496,-5.499549795756311,0.924390243902451,0.7357271898816116
Ethiopia,ETH,3.375,30.2188278135278,6.59424599357075,67.315,2.6036241976442,3.386,33.8898797100898,5.32175988403378,66.897,2.62269500936104,3.935,26.8395221557722,5.64153069257077,65.33,2.67249538803955,-0.0110000000000001,-3.671051896562002,1.2724861095369704,0.4179999999999921,-0.0190708117168401,-0.28,1.689652828877799,0.47635765049999,0.9924999999999996,-0.0344355951976749
Finland,FIN,7.149,6.25064322154762,-0.939093459613758,81.5853658536585,0.499192375381062,6.719,7.12350773301402,0.763041912763526,81.1878048780488,0.271944526506117,7.617,2.19457432340007,2.67634641498897,81.8853658536585,0.207288594407348,0.4299999999999997,-0.8728645114663998,-1.702135372377284,0.3975609756097071,0.2272478488749449,-0.2339999999999999,2.0280344490737754,-1.807719937301364,-0.1499999999999985,0.1459518904868569
Fiji,FJI,5.316,2.97544080604538,9.44245856738313,67.316,0.51237740019889,5.403,6.07882431529724,17.7451269773594,67.148,0.295294727557318,5.225,1.53454853751591,-4.3459619989752,64.904,0.190863715994045,-0.0869999999999997,-3.10338350925186,-8.302668409976272,0.1680000000000063,0.217082672641572,0.0455,0.720446134264735,6.894210283179165,1.206000000000003,0.1607568421024225
France,FRA,7.335,4.8783572650844,1.43921494437743,82.8317073170732,0.275093143443794,7.303,5.22236748369725,2.71676264185913,82.1292682926829,0.502320929337976,7.871,1.64233141038393,6.88233783360239,82.3243902439024,0.356902332389048,0.032,-0.3440102186128495,-1.2775476974817,0.7024390243903014,-0.227227785894182,-0.2680000000000002,1.618012927350235,-2.7215614446124805,0.253658536585398,-0.040904594472627
Gabon,GAB,20.161,3.62901534185376,2.43893665064327,68.337,2.19891289669511,20.319,4.23124798274579,3.03761449530657,67.713,2.24763901253797,21.223,1.0869074651941,1.46795731487489,67.072,2.30612435799096,-0.1579999999999977,-0.6022326408920304,-0.5986778446633001,0.6240000000000094,-0.04872611584286,-0.5309999999999988,1.27105393832983,0.48548966788419,0.6325000000000003,-0.0536057306479249
United Kingdom,GBR,4.025,6.79396706793963,0.271650048355255,81.2380975609756,1.30497972307431,3.768,7.92204883147902,5.14970388522993,81.0112195121951,0.921336799385098,4.864,2.51837109614213,8.5431118453255,80.6473170731707,0.358937930235741,0.2570000000000005,-1.1280817635393898,-4.878053836874675,0.226878048780506,0.383642923689212,-0.4194999999999997,2.13779798589875,-4.135730898485122,0.2953902439024531,0.4730208964192845
Georgia,GEO,11.549,2.48776056578715,7.83220126555726,74.496,0.0802640328443946,11.621,11.8981654203198,10.9585321385624,74.141,0.104889950638883,11.785,9.56691433824769,10.6442336580969,71.635,-0.379636607027231,-0.0720000000000009,-9.41040485453265,-3.1263308730051405,0.3549999999999897,-0.0246259177944884,-0.1180000000000003,-3.53957688623027,-1.4060161962698197,1.430499999999995,0.2299503199358128
Ghana,GHA,2.829,38.1069656296501,3.14009099763754,65.498,1.90860289687983,2.87,31.2558951049016,3.80484980952164,65.246,1.92029034344132,3.2,9.9710886750444,5.07646643533542,64.286,1.95904584379494,-0.0409999999999999,6.851070524748497,-0.6647588118840999,0.2520000000000095,-0.01168744656149,-0.1855,14.06793847730285,-0.96818771884894,0.6060000000000016,-0.0252214734575549
Guinea,GIN,5.141,7.80497591927973,5.54172668627702,60.74,2.46199049961035,5.174,10.4930409984424,3.97240784200721,60.432,2.48250409145397,5.815,12.5972882566934,5.5823328114905,59.373,2.50610419423246,-0.0330000000000003,-2.6880650791626692,1.5693188442698096,0.3079999999999998,-0.0205135918436201,-0.3370000000000002,-2.3961561687068347,-0.0203030626067399,0.6835000000000022,-0.0220568473110549
"Gambia, The",GMB,6.479,16.9742129632327,5.9167957146697,65.86,2.30124049704572,6.067,11.5131198380505,5.49299823010114,64.859,2.31992109797091,6.213,7.37034758876618,5.25596878816744,63.847,2.36774778418782,0.4119999999999999,5.461093125182199,0.4237974845685599,1.0010000000000048,-0.0186806009251898,0.133,4.8019326872332595,0.3304134632511299,1.006499999999999,-0.0332536435710499
Guinea-Bissau,GNB,2.632,7.10220928557059,5.82749502627256,64.085,2.24529187264064,2.666,9.39075933985203,5.52987253058352,63.605,2.24235388639993,3.016,2.24248879577658,5.05055831244401,61.653,2.23903878745423,-0.0339999999999998,-2.2885500542814405,0.2976224956890396,0.4799999999999969,0.0029379862407101,-0.1919999999999999,2.429860244897005,0.388468356914275,1.2159999999999975,0.0031265425932049
Equatorial Guinea,GNQ,8.218,2.85949506037322,-5.08930872071532,63.707,2.41057232825781,8.334,4.78671704710803,3.22350831658598,63.355,2.5130374213272,8.821,-0.0971007664640198,0.860269956382069,62.447,2.43551071649529,-0.1159999999999996,-1.9272219867348095,-8.3128170373013,0.3520000000000038,-0.10246509306939,-0.3014999999999999,1.47829791341862,-2.9747893385486948,0.629999999999999,-0.01246919411874
Greece,GRC,11.023,3.46480128513405,2.13591131996631,81.7365853658537,-0.283349545727581,12.426,9.64525981280642,5.52198580589408,80.7878048780488,-1.25988945727074,14.656,1.22382501019854,8.65449786002131,80.0829268292683,-1.21680248998544,-1.4030000000000005,-6.1804585276723705,-3.3860744859277703,0.9487804878048962,0.976539911543159,-1.8165000000000004,1.120488137467755,-3.2592932700275004,0.8268292682926983,0.4667264721289295
Guatemala,GTM,2.344,6.20657592272126,3.5331575177533,72.602,1.53986971917384,3.051,6.88512823344287,4.18451817243695,71.206,1.40623710213146,2.174,4.26105127422813,8.04170378184928,67.858,1.3807587059317,-0.7070000000000003,-0.67855231072161,-0.6513606546836499,1.3960000000000008,0.13363261704238,0.0849999999999999,0.9727623242465652,-2.2542731320479903,2.372,0.07955550662107
Guyana,GUY,11.917,2.82110335099641,33.795011115873,70.18,0.57233513230005,11.907,6.11505550109935,63.3346343654855,69.888,0.751934221097092,14.576,5.03285574626702,20.0599975568418,64.323,0.985982406099209,0.0099999999999997,-3.2939521501029403,-29.539623249612497,0.2920000000000016,-0.179599088797042,-1.3295000000000003,-1.105876197635305,6.867506779515601,2.9285000000000068,-0.2068236368995795
"Hong Kong SAR, China",HKG,2.949,2.09660511249089,3.2238599613664,85.2473170731707,2.55352466697343,4.318,1.88136707196853,-3.68378414495199,83.6609756097561,-0.907914524343304,5.174,1.56875834445922,6.45444409087024,85.5326829268293,-0.91177674914823,-1.3689999999999998,0.2152380405223601,6.90764410631839,1.5863414634146125,3.4614391913167344,-1.1125000000000005,0.2639233840158351,-1.61529206475192,-0.1426829268292948,1.73265070806083
Honduras,HND,6.07,6.66325180347457,3.57584760454412,72.884,1.71477388415816,8.774,9.08963911525025,4.14356194013767,72.715,1.67679658023776,8.506,4.48087963413445,12.5652843771279,69.492,1.66825063176954,-2.703999999999999,-2.42638731177568,-0.5677143355935499,0.1689999999999969,0.0379773039203998,-1.218,1.0911860846700605,-4.49471838629189,1.695999999999998,0.0232616261943099
Croatia,HRV,6.121,7.9412817758683,3.76164540703459,78.4731707317073,0.104856226330186,6.811,10.7805806758686,7.29445343642668,77.5756097560976,-0.603521952188318,7.483,2.55450699642041,12.6322190351024,76.4243902439025,-0.904000889163613,-0.6899999999999995,-2.8392989000003004,-3.5328080293920903,0.897560975609693,0.7083781785185039,-0.6809999999999996,2.693387389723945,-4.435286814033905,1.0243902439024026,0.5044285577468995
Haiti,HTI,14.459,36.8135162780854,-1.86388420254838,64.936,1.15633263604117,14.54,33.98393194707,-1.68198396897978,63.948,1.12789828650149,15.296,16.8415240198785,-1.79823988931486,62.613,1.15604339382525,-0.0809999999999995,2.829584331015404,-0.1819002335685999,0.9880000000000068,0.0284343495396801,-0.4184999999999998,9.985996129103452,-0.03282215661676,1.1615000000000038,0.00014462110796
Hungary,HUN,4.096,17.1249659678737,-0.817107370513455,76.5707317073171,-0.134269181500181,3.583,14.6081439492433,4.15238057779229,75.8682926829268,-0.268850150860009,4.021,5.11096534382855,7.22291580811137,74.0658536585366,-0.409163639262836,0.5129999999999999,2.5168220186304,-4.969487948305745,0.7024390243902872,0.134580969359828,0.0375,6.007000312022575,-4.020011589312412,1.2524390243902488,0.1374472288813275
Indonesia,IDN,3.308,3.66938654859761,5.04902331835997,71.146,0.842666137328498,3.462,4.20946463714784,5.30719722664799,70.925,0.746050469653246,3.827,1.56007882983334,3.70288562827751,67.452,0.704601321926319,-0.1540000000000003,-0.5400780885502301,-0.2581739082880192,0.2210000000000036,0.096615667675252,-0.2595,1.0546538593821349,0.6730688450412301,1.8470000000000013,0.0690324077010895
India,IND,4.172,5.64914318907925,9.19075493028345,72.003,0.883289539766135,4.822,6.69903414079852,7.60936497768895,71.698,0.790200540609834,6.38,5.13140747176369,9.68959249192875,67.282,0.822648220128724,-0.6500000000000004,-1.04989095171927,1.5813899525945008,0.3050000000000068,0.0930889991563009,-1.104,0.2588678586577799,-0.2494187808226495,2.360500000000002,0.0303206598187055
Ireland,IRL,4.243,6.29942487419125,-2.53637409313261,82.8073170731707,1.87573900211149,4.465,7.82945736434105,7.51113888415304,82.509756097561,1.98101664069715,6.357,2.34034113447044,16.2581881158197,82.2536585365854,1.39579966615221,-0.2219999999999995,-1.5300324901498,-10.04751297728565,0.2975609756096986,-0.1052776385856602,-1.057,1.979541869860405,-9.397281104476154,0.2768292682926443,0.2399696679796399
"Iran, Islamic Rep.",IRN,8.129,44.5791857572797,5.33235117216407,77.654,1.20408185634218,9.085,43.4884641742179,4.35281087521344,76.799,1.20100285857304,9.282,43.3890162681514,4.13089685034471,73.752,0.831029236943935,-0.9560000000000012,1.0907215830618,0.9795402969506296,0.8549999999999898,0.0030789977691401,-0.5765000000000002,0.5950847445641507,0.6007271609096798,1.9510000000000003,0.1865263096991224
Iraq,IRQ,15.239,4.35835351089586,0.517705525131191,72.324,2.25148890849618,15.41,4.99476596381044,7.95904804992662,72.037,2.29369659225826,16.173,6.04186489058044,1.50218070952037,70.704,2.24127347113109,-0.1709999999999993,-0.6364124529145796,-7.441342524795429,0.2869999999999919,-0.0422076837620797,-0.4669999999999987,-0.84175568984229,-0.4922375921945896,0.8100000000000023,0.005107718682545
Iceland,ISL,3.518,8.73630299937298,5.18615760140189,82.4560975609756,0.953546915490719,3.789,8.3087551155892,8.82069395623492,82.119512195122,2.51377343254216,6.029,4.44423970189739,5.1805719742238,83.1658536585366,1.6393166402584,-0.2710000000000003,0.4275478837837791,-3.6345363548330294,0.3365853658536082,-1.5602265170514409,-1.2555,2.146031648737795,0.0027928135890449,-0.354878048780499,-0.3428848623838405
Israel,ISR,3.371,4.22522603168918,1.82652049482384,83.1951219512195,3.00437405991345,3.695,4.41162725488371,6.26326343841286,82.7,1.96636884788361,4.812,1.47965474722561,9.38837403354628,82.5,1.68190551747412,-0.3239999999999998,-0.1864012231945295,-4.43674294358902,0.4951219512195024,1.03800521202984,-0.7205000000000001,1.372785642231785,-3.780926769361219,0.3475609756097526,0.661234271219665
Italy,ITA,7.627,5.62219442195901,0.975694840127005,83.3512195121951,-0.0499178457490556,8.069,8.20128991161718,4.82117669913565,82.7,-0.20230086688254,9.497,1.87378325762481,8.93106210800055,82.6463414634146,-0.515599998844444,-0.442000000000001,-2.579095489658169,-3.845481859008645,0.6512195121950981,0.1523830211334844,-0.935,1.8742055821671,-3.977683633936772,0.3524390243902502,0.2328410765476941
Jamaica,JAM,3.022,6.47413734662063,2.74634433906714,71.479,0.0226098931571573,4.083,10.3495688391272,6.43930323656186,71.481,0.0515076570013975,5.188,5.86278242801063,5.70467978309095,69.085,0.244971341124232,-1.0610000000000004,-3.8754314925065696,-3.69295889749472,-0.0019999999999953,-0.0288977638442402,-1.083,0.305677459305,-1.479167722011905,1.1970000000000027,-0.1111807239835373
Jordan,JOR,16.62,2.08486986327134,2.88408339281683,77.814,1.61225050235636,18.2,4.22915568897117,2.64743514912058,77.088,1.70151702842564,19.837,1.34609377243118,3.65564358999147,74.204,1.83419162693059,-1.5799999999999983,-2.1442858256998303,0.23664824369625,0.7259999999999991,-0.0892665260692799,-1.6084999999999994,0.3693880454200801,-0.3857800985873199,1.8049999999999995,-0.110970562287115
Japan,JPN,2.6,3.26813365933163,1.47503481053384,84.0412195121951,-0.487370782049143,2.614,2.49770278172255,0.941998775483285,83.9963414634146,-0.443851919148528,2.808,-0.233352779398264,2.69657404187188,84.4456097560976,-0.459952415807642,-0.0139999999999997,0.7704308776090798,0.533036035050555,0.0448780487805038,-0.043518862900615,-0.1039999999999998,1.750743219364947,-0.6107696156690201,-0.2021951219512487,-0.0137091831207505
Kazakhstan,KAZ,4.835,14.5275597825952,5.09999999973641,74.402,1.46415151694869,4.86,15.0278644440851,3.19999999970734,73.503,1.46316879039749,5.568,8.04147134028401,4.29999999729456,70.131,1.33325722721198,-0.0250000000000003,-0.5003046614899009,1.9000000000290695,0.8990000000000009,0.0009827265512001,-0.3664999999999998,3.2430442211555945,0.4000000012209246,2.1355000000000004,0.065447144868355
Kenya,KEN,5.409,7.67139634029402,5.71999241214208,63.646,1.98296028478422,5.565,7.65986268272224,4.85998104287999,63.549,1.92297608206469,5.693,6.10793603659176,7.59048947333467,61.225,1.90040858948898,-0.1560000000000005,0.0115336575717801,0.8600113692620903,0.0970000000000013,0.05998420271953,-0.1419999999999999,0.7817301518511299,-0.935248530596295,1.2104999999999997,0.04127584764762
Kyrgyz Republic,KGZ,3.498,10.7532770416742,9.0132928339342,72.2487804878049,1.76957037310792,4.767,13.9229093174176,8.96750520041391,72.0487804878049,1.7936545985598,5.149,11.9050398185147,5.50700762671923,71.9,1.83581016918265,-1.269,-3.1696322757433997,0.0457876335202893,0.1999999999999886,-0.02408422545188,-0.8254999999999999,-0.5758813884202496,1.7531426036074849,0.1743902439024438,-0.033119898037365
Cambodia,KHM,0.256,2.12746796594194,5.00733043811898,70.668,1.28320677599476,0.245,5.34370264895437,5.12990110773977,70.528,1.33088813106016,0.396,2.92073477592949,3.08984284148661,69.301,1.47677836241244,0.011,-3.2162346830124298,-0.1225706696207904,0.1400000000000005,-0.0476813550653998,-0.07,-0.396633404993775,0.9587437983161848,0.6835000000000022,-0.0967857932088399
"Korea, Rep.",KOR,2.675,3.5974562502901,1.58301467403629,83.4292682926829,0.077477253324535,2.857,5.08951365062842,2.72756456708991,82.6804878048781,-0.187486566698935,3.639,2.49833333333339,4.61296795454287,83.5268292682927,-0.128757315474928,-0.1820000000000003,-1.4920574003383198,-1.1445498930536198,0.7487804878048081,0.2649638200234699,-0.482,0.549561458478355,-1.5149766402532898,-0.0487804878048976,0.1031172843997315
Kuwait,KWT,2.08,3.64216403030709,-1.6672059801285,83.1878048780488,5.58813678140227,2.133,3.98064961990313,6.75866711966617,80.5878048780488,5.11318110910574,2.97,3.42362947609188,1.67213054307859,78.7365853658537,-0.899478872255975,-0.0529999999999999,-0.3384855895960399,-8.42587309979467,2.5999999999999943,0.47495567229653,-0.445,0.1092672771076048,-1.6696682616035448,2.2256097560975476,3.243807826829123
Lao PDR,LAO,1.186,31.2301341732646,3.74568140158232,68.964,1.39237667233214,1.209,22.9562225132056,2.70742652643155,68.715,1.40971670105791,2.08,3.75562036658877,2.52835100486102,67.807,1.44141640887407,-0.0230000000000001,8.273911660059,1.0382548751507703,0.2489999999999952,-0.0173400287257698,-0.447,13.737256903337917,0.6086651983606501,0.5784999999999982,-0.0245198682709649
Lebanon,LBN,10.985,221.341644023365,-0.760584470257314,77.817,0.503630953855672,11.105,171.205491336641,-0.621678970663112,78.003,0.460053063032864,12.715,154.756096023393,-7.00123862514116,73.65,0.275364167930295,-0.120000000000001,50.13615268672402,-0.138905499594202,-0.186000000000007,0.043577890822808,-0.8650000000000002,33.292773999986,3.1203270774419227,2.0834999999999937,0.1141333929626885
Liberia,LBR,2.905,10.0944535665552,4.68375688761311,62.163,2.20390696065654,2.956,7.59298486560313,4.80810517290655,61.934,2.14388170425267,3.844,7.81559385858648,4.98671283481617,61.166,2.11098738475006,-0.0510000000000001,2.50146870095207,-0.1243482852934398,0.2289999999999992,0.0600252564038701,-0.4695,1.1394298539843604,-0.1514779736015299,0.4984999999999999,0.04645978795324
Libya,LBY,18.713,2.37317531435169,10.2000497852517,69.339,1.12674309223491,19.238,4.51030149235703,-8.29981811198795,74.462,1.23450447871795,19.779,2.86833027751019,28.2996823429147,72.062,1.26619979488109,-0.5249999999999986,-2.13712617800534,18.49986789723965,-5.123000000000005,-0.10776138648304,-0.5329999999999995,-0.2475774815792502,-9.0498162788315,-1.3614999999999997,-0.0697283513230899
St. Lucia,LCA,12.094,4.07060821926204,2.20988276526516,72.697,0.281512532799571,15.934,6.37814695133351,20.3884431828414,72.67,0.144975018605125,20.514,2.41070312174393,11.598783583643,69.119,0.152478363043745,-3.84,-2.30753873207147,-18.17856041757624,0.027000000000001,0.136537514194446,-4.21,0.8299525487590549,-4.69445040918892,1.7890000000000017,0.064517084877913
Sri Lanka,LKA,4.528,16.5411742279832,-2.3298481898334,77.483,-0.651320770103285,4.528,49.7211021114327,-7.34919301306745,77.3,0.112772639779474,4.981,7.01478071238195,4.2074764951157,76.278,1.07544995696428,0.0,-33.1799278834495,5.01934482323405,0.1830000000000069,-0.764093409882759,-0.2265000000000001,4.763196757800625,-3.26866234247455,0.6024999999999991,-0.8633853635337825
Lesotho,LSO,16.348,6.34221743124953,1.82662476743647,57.375,1.10328678263994,16.623,8.27180389943028,2.38778020186284,56.812,1.08048016923391,18.214,6.04774591950676,2.26670961833291,54.209,1.14804266920884,-0.2750000000000021,-1.9295864681807495,-0.5611554344263701,0.5630000000000024,0.0228066134060298,-0.9329999999999998,0.1472357558713848,-0.2200424254482199,1.5829999999999984,-0.0223779432844499
Lithuania,LTU,6.841,9.11731962390475,0.342262716277261,77.290243902439,1.40084461829591,5.955,19.7050461518394,2.53752574011534,75.6439024390244,0.824789131191284,7.112,4.68354420903453,6.38001606179873,74.0365853658537,-0.070798680741267,0.8860000000000001,-10.58772652793465,-2.1952630238380793,1.6463414634146003,0.576055487104626,-0.1354999999999999,2.2168877074351103,-3.018876672760735,1.6268292682926528,0.7358216495185885
Luxembourg,LUX,5.184,3.74140361983136,0.0994399943552651,83.309756097561,2.02002574712319,4.588,6.33600807777919,-1.0974168968152,82.9463414634147,2.01666790212729,5.571,2.52692009066166,6.9297342584233,82.5975609756098,1.51834936706612,0.5960000000000001,-2.59460445794783,1.1968568911704651,0.3634146341463093,0.0033578449958997,-0.1934999999999997,0.60724176458485,-3.4151471320340177,0.3560975609756056,0.250838190028535
Latvia,LVA,6.465,8.9380462331663,-0.941606068823631,75.4268292682927,0.22997050070229,6.815,17.3102830198815,1.90853419029801,74.2780487804878,-0.271369577775699,7.513,3.27582937431165,6.94254173062592,72.9804878048781,-0.843294678005026,-0.3500000000000005,-8.372236786715199,-2.850140259121641,1.1487804878049133,0.501340078477989,-0.524,2.831108429427325,-3.9420738997247753,1.223170731707306,0.536632589353658
"Macao SAR, China",MAC,2.206,0.476384495788075,75.3084184293413,83.1804878048781,0.221222713921319,2.446,1.04502802369954,-18.956941494497,83.0804878048781,-0.764822083825685,2.221,0.0264543647055504,22.4622020023362,83.7292682926829,-0.424008238139362,-0.2400000000000002,-0.568643527911465,94.2653599238383,0.0999999999999943,0.986044797747004,-0.0075,0.2249650655412623,26.42310821350255,-0.2743902439024026,0.3226154760303405
Morocco,MAR,8.896,6.09114152504141,3.65564411017931,75.313,1.02195181223548,9.413,6.65704202759067,1.81269242194809,75.161,1.00863622672701,10.551,1.40195883962006,8.15473889823681,73.385,1.00691847923959,-0.5169999999999995,-0.56590050254926,1.84295168823122,0.152000000000001,0.0133155855084701,-0.8274999999999997,2.344591342710675,-2.24954739402875,0.9639999999999986,0.007516666497945
Moldova,MDA,1.57,13.4170104381299,1.2000000493378,71.198,-2.84274212689094,0.909,28.7372976766235,-4.6000000255323,71.546,-2.62110760462091,0.794,5.10641129002835,13.9299997889786,68.991,-1.50342952349937,0.661,-15.3202872384936,5.8000000748701,-0.3480000000000132,-0.2216345222700297,0.388,4.155299574050775,-6.3649998698204,1.1034999999999968,-0.6696563016957849
Madagascar,MDG,3.044,9.87432675044888,4.20304615840668,63.632,2.46201530433165,3.186,8.16059031991844,4.15609778386296,63.068,2.48207836172625,3.498,5.81225118787715,4.65068343174309,62.516,2.51537360931706,-0.1419999999999999,1.7137364305304406,0.04694837454372,0.5640000000000001,-0.0200630573945996,-0.2270000000000001,2.031037781285865,-0.2238186366682049,0.5579999999999998,-0.026679152492705
Maldives,MDV,4.019,2.92746542425035,4.94286301229583,81.041,0.359585188904548,4.303,2.33314337624567,13.8260895184139,80.76,1.528878337276,5.016,0.543149688737013,37.507870124321,78.052,2.75700187362712,-0.2839999999999998,0.5943220480046802,-8.88322650611807,0.2809999999999917,-1.169293148371452,-0.4984999999999999,1.1921578677566689,-16.282503556012585,1.494499999999995,-1.198708342361286
Mexico,MEX,2.765,5.52796087314389,3.35354140652768,75.069,0.872178517508623,3.256,7.8962761916855,3.70975709163623,73.973,0.753116988604166,4.019,5.68920847683753,6.0484834621255,69.75,0.66740537533078,-0.4909999999999996,-2.36831531854161,-0.35621568510855,1.0960000000000036,0.1190615289044569,-0.627,-0.0806238018468201,-1.34747102779891,2.6595000000000013,0.1023865710889214
North Macedonia,MKD,13.174,9.36187249769015,2.554965253403,75.3160975609756,-0.212923714310977,14.476,14.2047173195833,2.75888415332967,74.4248780487805,-0.294481335654044,15.801,3.23074912132928,4.51067949038222,73.2463414634146,-1.02945804668594,-1.3020000000000014,-4.84284482189315,-0.2039188999266699,0.8912195121951072,0.0815576213430669,-1.3135000000000003,3.065561688180435,-0.97785711848961,1.0348780487805058,0.4082671661874815
Mali,MLI,2.947,2.05880228274223,4.72541109080376,60.439,2.97400537620334,2.387,9.62147608489064,3.70319027595568,60.035,3.00942592606239,4.006,3.92560283104277,3.10094124444834,59.116,3.06035796580474,0.56,-7.56267380214841,1.0222208148480805,0.4040000000000034,-0.03542054985905,-0.5295000000000001,-0.93340027415027,0.8122349231777102,0.6615000000000002,-0.0431762948006999
Malta,MLT,3.479,5.09396758978883,10.6215185022616,83.3560975609756,3.99255876861009,3.471,6.15375621933037,2.48309993837792,82.2975609756098,2.47100289980875,3.754,1.49789217934724,13.4117042939322,82.2585365853659,0.51468710034629,0.008,-1.05978862954154,8.138418563883679,1.0585365853658004,1.52155586880134,-0.1374999999999999,1.7980377052207952,-1.3950928958353002,0.5487804878048479,1.7389358341319
Montenegro,MNE,13.146,8.58476910455403,6.47836283518564,77.5878048780488,-0.0099429084692826,14.851,13.0403036347004,7.73954689516201,76.1878048780488,-0.234174139002603,16.543,2.41080198403165,13.0462607426359,73.8243902439024,-0.245597310506825,-1.705,-4.45553453014637,-1.2611840599763695,1.4000000000000057,0.2242312305333203,-1.6984999999999992,3.0869835602611904,-3.2839489537251296,1.8817073170732,0.1178272010187711
Mongolia,MNG,5.178,10.347583131434,7.4221127615025,72.1224390243902,1.3708886685104,5.954,15.1509728200805,5.0327096366527,71.9007317073171,1.46704738017187,7.871,7.35894657888155,1.63676957736662,71.6451219512195,1.684959051396,-0.7759999999999998,-4.803389688646501,2.3894031248498004,0.221707317073097,-0.0961587116614699,-1.3465000000000005,1.4943182762762248,2.8926715920679404,0.2386585365853548,-0.1570351914427999
Mozambique,MOZ,6.661,7.12697482131851,5.48149036541776,63.611,2.95358093047219,6.789,10.2794018093421,4.36445074432608,63.011,2.9473431712575,5.413,6.40847652975692,2.37743572761507,60.268,2.9577768101764,-0.1280000000000001,-3.1524269880235893,1.1170396210916804,0.5999999999999943,0.0062377592146902,0.6239999999999997,0.3592491457807947,1.552027318901345,1.6714999999999982,-0.002097939852105
Mauritania,MRT,10.37,4.95305034506872,6.80949001978621,68.484,2.96653079197429,10.52,9.52526628622843,6.79600500489967,68.281,2.92956466448208,11.131,3.56516484650185,0.742715486567747,66.762,2.88703345850902,-0.1500000000000003,-4.572215941159709,0.0134850148865401,0.2029999999999887,0.0369661274922097,-0.3805000000000005,0.6939427492834351,3.0333872666092314,0.8609999999999971,0.0397486667326349
Mauritius,MUS,5.571,7.05298238454736,5.00791900868131,73.4121951219512,-1.1051534726941,6.322,10.7737512242899,8.69306675264066,73.5146341463415,-0.301401216835277,7.719,4.02852888157376,3.40379866177662,73.680243902439,0.0252729878913446,-0.7510000000000003,-3.720768839742539,-3.6851477439593503,-0.102439024390307,-0.8037522558588229,-1.0740000000000005,1.5122267514868,0.8020601734523451,-0.1340243902439013,-0.5652132302927223
Malawi,MWI,5.009,28.7897428247298,1.94575281675984,67.353,2.57135708610945,5.02,20.953969729969,0.921115069005936,66.037,2.567947782963,5.652,9.33014410835212,4.55829212016083,64.782,2.59415828794597,-0.0109999999999992,7.8357730947608,1.024637747753904,1.3159999999999883,0.0034093031464501,-0.3214999999999999,9.729799358188838,-1.3062696517004952,1.285499999999999,-0.0114006009182598
Malaysia,MYS,3.858,2.48886560125754,3.5370638041057,76.657,1.23402869169549,3.93,3.37869862549928,9.03173723044451,75.444,1.1977720012836,4.64,2.47710241465447,3.31534954399166,73.917,1.15251304394292,-0.072,-0.88983302424174,-5.494673426338809,1.212999999999994,0.0362566904118899,-0.3909999999999998,0.005881593301535,0.11085713005702,1.3699999999999974,0.0407578238762849
Namibia,NAM,19.154,5.87993463284275,4.44280600303956,67.385,2.50947899094054,19.615,6.08128114112413,5.3987247803654,64.19,2.77600581415178,20.931,3.61690530108814,3.60382919248703,60.85,2.95314556354467,-0.4609999999999985,-0.2013465082813796,-0.9559187773258406,3.1950000000000074,-0.2665268232112399,-0.8885000000000005,1.1315146658773052,0.4194884052762648,3.267500000000002,-0.2218332863020651
Niger,NER,0.407,3.70097316425834,1.66763406484279,61.183,3.29489175812772,0.403,4.22621791916392,11.9000000000277,60.398,3.25170642220024,0.806,3.8378680284051,1.38359636198477,59.542,3.25425239869281,0.0039999999999999,-0.5252447549055801,-10.23236593518491,0.7849999999999966,0.0431853359274798,-0.1995,-0.0684474320733798,0.1420188514290101,0.8204999999999991,0.0203196797174549
Nigeria,NGA,3.074,24.659550203114,3.32684556421316,54.462,2.09838916935738,3.827,18.8471877843274,4.31882949523192,54.079,2.09281687128387,5.404,16.9528457221608,1.10925253938163,53.455,2.09618685225463,-0.7530000000000001,5.812362418786602,-0.9919839310187606,0.3830000000000026,0.0055722980735102,-1.165,3.8533522404766014,1.1087965124157648,0.5035000000000025,0.0011011585513751
Nicaragua,NIC,4.698,8.38765854872536,4.42774384760374,74.947,1.37167812196347,4.969,10.4674244465991,3.55029945613975,74.463,1.28466010240759,6.076,4.92841396948968,10.454389484408,70.478,1.20325375827905,-0.2709999999999999,-2.07976589787374,0.8774443914639898,0.4840000000000088,0.0870180195558798,-0.6889999999999996,1.7296222896178404,-3.0133228184021306,2.234500000000004,0.08421218184221
Netherlands,NLD,3.535,3.83839354342808,-0.598096167209832,81.8634146341464,0.990139686700227,3.526,10.0012078753473,5.00723455159611,81.6146341463415,0.953278922854537,4.209,2.67572008805385,6.2768306708326,81.309756097561,0.523490508168757,0.0090000000000003,-6.16281433191922,-5.605330718805941,0.2487804878048933,0.03686076384569,-0.3369999999999997,0.5813367276871149,-3.4374634190212157,0.276829268292694,0.233324589265735
Norway,NOR,3.574,5.51784987104659,0.0721204806030329,83.0121951219512,1.13831142739624,3.231,5.76412317852272,3.24622860260932,82.509756097561,0.898395220610608,4.359,3.48388055266669,3.90868676830634,83.1634146341463,0.534772281874925,0.3429999999999999,-0.2462733074761294,-3.1741081220062872,0.502439024390199,0.239916206785632,-0.3925,1.0169846591899503,-1.9182831438516537,-0.0756097560975561,0.3017695727606575
Nepal,NPL,10.437,7.11587261530826,1.98254843628392,70.354,-0.0700958873206174,10.661,7.6702057938028,5.6313145568451,70.087,0.81238557412485,12.241,4.12676744440695,4.838149614115,68.385,1.74002411752275,-0.2240000000000002,-0.5543331784945398,-3.64876612056118,0.2669999999999959,-0.8824814614454675,-0.902,1.4945525854506547,-1.42780058891554,0.984499999999997,-0.9050600024216836
New Zealand,NZL,3.734,5.73316283034957,1.39425181563566,81.7585365853659,2.3012774309073,3.299,7.17222476016441,3.49638686458842,81.9585365853658,-0.0570512394609476,3.776,3.94112060778728,4.53540565716095,82.2073170731707,0.240228529431089,0.435,-1.43906192981484,-2.10213504895276,-0.1999999999999033,2.3583286703682473,-0.0209999999999999,0.8960211112811449,-1.5705769207626448,-0.2243902439023983,1.0305244507381055
Oman,OMN,3.176,0.950782997762827,1.41401395818599,80.031,6.52704988451128,3.3,2.5061425061425,7.98570728354278,77.911,4.98013669293962,1.9,1.68221185876085,2.5821749892893,75.969,-0.489266037731458,-0.1239999999999996,-1.555359508379673,-6.57169332535679,2.1200000000000045,1.54691319157166,0.6380000000000001,-0.3657144304990115,-0.5840805155516551,2.031000000000006,3.508157961121369
Pakistan,PAK,5.237,30.7681280657005,-0.414935997088406,67.649,1.54880458608849,5.291,19.8738599646655,4.7781068690358,67.417,1.74799739792983,6.338,9.49641577285205,6.51388575852702,65.773,1.8867779716011,-0.0540000000000002,10.894268101035,-5.193042866124206,0.2319999999999993,-0.1991928118413399,-0.5505,10.635856146424224,-3.464410877807713,0.9380000000000024,-0.1689866927563049
Panama,PAN,6.544,1.48641355277038,7.16632946099945,79.594,1.30902688797168,8.086,2.85965128834711,11.0385475261766,79.324,1.26612423517538,10.177,1.63070337301898,16.4671248604202,77.004,1.20723809203153,-1.5420000000000007,-1.3732377355767302,-3.87221806517715,0.269999999999996,0.0429026527962999,-1.8165,-0.0721449101243,-4.650397699710375,1.2949999999999946,0.050894397970075
Peru,PER,4.899,6.45561348369586,-0.403242151494268,77.74,1.09975320783678,4.291,8.33370630096231,2.8090335533015,76.834,0.959183909355287,5.097,4.27166381536798,13.3626240903125,71.596,0.961612354333265,0.6079999999999997,-1.8780928172664504,-3.212275704795768,0.9059999999999916,0.140569298481493,-0.0990000000000002,1.09197483416394,-6.882933120903385,3.0719999999999956,0.0690704267517575
Philippines,PHL,2.2,5.97802515541409,5.51894967862863,69.833,0.810000998681961,2.598,5.82115811213955,7.58098212785563,69.472,0.760479216015364,3.398,3.92718022100332,5.71473313185116,66.675,0.905660310915421,-0.3979999999999997,0.1568670432745404,-2.062032449227,0.3610000000000042,0.049521782666597,-0.599,1.025422467205385,-0.0978917266112651,1.5790000000000006,-0.04782965611673
Papua New Guinea,PNG,2.649,2.29869991296791,3.81088622906051,66.134,1.81103162496893,2.689,5.25323922215241,5.70758404238197,65.274,1.88244961375761,3.03,4.48359014042398,-0.511353418578196,64.358,1.98860312209741,-0.04,-2.9545393091845,-1.8966978133214596,0.8599999999999994,-0.0714179887886801,-0.1904999999999999,-1.092445113728035,2.161119823819353,0.8879999999999981,-0.08878574856424
Poland,POL,2.743,11.5289127961105,0.249610834017872,78.2585365853659,-0.365658526875775,2.811,14.4294507575758,5.25545697386036,77.1560975609756,-0.433070695882457,3.268,5.05502704719272,6.92718266052501,75.3512195121951,-1.4341408496549,-0.068,-2.9005379614653,-5.005846139842488,1.102439024390307,0.067412169006682,-0.2624999999999999,3.23694287445889,-3.338785913253569,1.453658536585401,0.5342411613895625
Portugal,PRT,6.498,4.31128191898672,3.09997909018263,82.3292682926829,1.36912985956796,6.138,7.83269124233323,6.98584137580278,81.6317073170732,0.697256448023043,6.712,1.26565719069044,5.55875672070374,81.3780487804878,0.626850165433157,0.3600000000000003,-3.5214093233465107,-3.8858622856201497,0.6975609756097043,0.671873411544917,-0.1069999999999997,1.52281236414814,-1.229388815260555,0.4756097560975476,0.3711398470674015
Paraguay,PRY,5.794,4.63202285403356,4.9992279112746,73.844,1.23021616038983,6.755,9.76556667164402,0.176038366149214,72.319,1.13476871860664,7.311,4.787983101236,4.01673731776404,68.108,1.21078357917422,-0.9610000000000004,-5.13354381761046,4.823189545125386,1.5249999999999917,0.09544744178319,-0.7585000000000002,-0.0779801236012196,0.49124529675528,2.867999999999995,0.0097162906078049
West Bank and Gaza,PSE,24.42,5.87110177678988,-4.55580428525744,65.17,2.39326476511584,24.42,3.74122391852077,4.08276027347105,76.662,2.42553777623863,26.39,1.23748102831369,7.01198227592003,73.89,2.45703865277568,0.0,2.12987785826911,-8.63856455872849,-11.492000000000004,-0.0322730111227902,-0.9849999999999994,2.316810374238095,-5.783893280588735,-4.359999999999999,-0.03188694382992
Qatar,QAT,0.13,3.02764899198902,1.53979117720789,82.368,-0.0489708509014485,0.13,4.99527553740761,4.18497018544697,81.857,5.90701824957099,0.14,2.30446565742003,1.62693587314129,81.083,-10.9274424335586,0.0,-1.9676265454185904,-2.6451790082390794,0.5109999999999957,-5.955989100472439,-0.005,0.361591667284495,-0.0435723479666999,0.6424999999999983,5.439235791328575
Romania,ROU,5.589,10.3971874764996,2.25773416555121,76.4048780487805,0.0659152146414443,5.614,13.7954887432521,4.18771305104109,75.1536585365854,-0.385412679960785,5.59,5.05232876096582,5.58735072538869,72.809756097561,-0.746036478523061,-0.0249999999999994,-3.398301266752501,-1.92997888548988,1.2512195121951066,0.4513278946022293,-0.0004999999999997,2.6724293577668896,-1.66480827991874,1.7975609756097484,0.4059758465822526
Russian Federation,RUS,3.076,5.86571931748967,4.08252481259281,73.2546341463415,-0.285217600763343,3.867,13.7436797398232,-1.43588213859842,72.5456097560976,-0.352843110363082,4.749,6.69445891957612,5.86649177292595,69.900243902439,-0.343724409889771,-0.7909999999999999,-7.877960422333531,5.51840695119123,0.7090243902438971,0.067625509599739,-0.8364999999999998,-0.4143698010432253,-0.8919834801665698,1.6771951219512502,0.0292534045632139
Rwanda,RWA,12.352,19.789546746467,8.24990302014558,67.785,2.1984982050137,15.084,17.6892095588153,8.16120720872912,67.528,2.19046619232976,15.775,-0.391346748300791,10.8584320184896,66.85,2.1909353521865,-2.7319999999999993,2.1003371876517,0.0886958114164588,0.2569999999999908,0.0080320126839401,-1.7115,10.090446747383895,-1.3042644991720105,0.4675000000000011,0.0037814264136
Saudi Arabia,SAU,4.008,2.32708518362706,0.542592439393161,78.732,4.63821572656175,5.589,2.47407371925372,12.0005874752929,77.31,4.41891994509507,6.621,3.06328988941548,6.51959698325419,77.089,-2.46456261487283,-1.5810000000000004,-0.1469885356266598,-11.45799503589974,1.421999999999997,0.2192957814666805,-1.3065000000000002,-0.36810235289421,-2.9885022719305145,0.8215000000000003,3.55138917071729
Sudan,SDN,7.53,138.80846024176,-29.4332718325149,66.331,1.32652175747925,7.53,138.80846024176,-0.957816591119183,65.695,2.70189520043666,11.087,359.093040778999,-1.8685204827207,64.46,2.6941220236505,0.0,0.0,-28.47545524139572,0.6360000000000099,-1.37537344295741,-1.7784999999999995,-110.1422902686195,-13.7823756748971,0.9355000000000048,-0.6838001330856249
Senegal,SEN,2.784,5.93947798773215,4.2574308328029,68.683,2.38738348832592,2.837,9.69681899081073,3.85043193735768,67.788,2.46764281803509,3.436,2.18032278088147,6.54400109964304,66.868,2.53848919398481,-0.0530000000000003,-3.757341003078579,0.4069988954452199,0.8950000000000102,-0.08025932970917,-0.326,1.87957760342534,-1.1432851334200702,0.907500000000006,-0.0755528528294451
Singapore,SGP,3.444,4.83372362825798,1.82140694115385,83.0975609756098,4.85831607781442,3.591,6.13095418919732,4.10800021897151,82.8951219512195,3.30862052439523,4.64,2.31610315765146,9.7568044629903,83.0926829268293,-4.17033630017526,-0.1470000000000002,-1.2972305609393402,-2.28659327781766,0.2024390243903013,1.5496955534191903,-0.5979999999999999,1.25881023530326,-3.967698760918225,0.0024390243902487,4.51432618899484
Solomon Islands,SLB,1.443,5.88585897042164,2.84111851154807,70.528,2.39583243369756,1.475,5.51812928576938,-2.58448361755723,70.409,2.39378076885188,0.879,-0.115437894412839,-0.227975292792024,68.89,2.40116798691356,-0.032,0.3677296846522599,5.4256021291053,0.1189999999999997,0.00205166484568,0.282,3.0006484324172393,1.5345469021700469,0.8190000000000026,-0.0026677766079998
Sierra Leone,SLE,3.092,47.6428733253179,5.7100218981806,61.786,2.19524258771884,3.137,27.2082883814653,5.3135546141915,61.275,2.22598462352813,3.551,11.8739588840234,5.8968527047094,60.26,2.27463021517533,-0.0449999999999999,20.4345849438526,0.3964672839891001,0.5110000000000028,-0.0307420358092898,-0.2295,17.88445722064725,-0.0934154032643999,0.7630000000000017,-0.0396938137282449
El Salvador,SLV,2.992,4.04554694222477,3.5391566928735,72.099,0.465531145369394,2.999,7.19861615609867,2.95461516549889,71.969,0.39146192798287,4.327,3.46692585313082,11.9047617015957,69.941,0.338002420196154,-0.0070000000000001,-3.1530692138739003,0.58454152737461,0.1300000000000096,0.074069217386524,-0.6675,0.289310544546975,-4.182802504361099,1.0790000000000006,0.06376436258662
Serbia,SRB,8.268,12.3719043552519,3.74793303561771,76.1414634146341,-0.621120944154492,8.439,11.9815117344703,2.70347705543654,75.2365853658537,-2.5170575672922,9.843,4.08510285335102,7.94905650472278,72.780487804878,-0.943688169512831,-0.1709999999999993,0.3903926207815988,1.0444559801811697,0.9048780487804038,1.895936623137708,-0.7874999999999996,4.143400750950439,-2.100561734552535,1.680487804878048,0.1612836126791694
Sao Tome and Principe,STP,9.032,21.2589138473,0.372252775001456,69.718,1.99754660166419,8.964,18.0056351122841,0.168698492216564,69.237,1.93819561963228,9.563,8.13777038378732,1.89929891337832,68.026,2.06017354745306,0.0679999999999996,3.2532787350159005,0.203554282784892,0.4810000000000087,0.05935098203191,-0.2655000000000003,6.56057173175634,-0.763523069188432,0.8460000000000036,-0.0313134728944349
Suriname,SUR,7.699,51.5873159600861,2.41659223498058,73.631,0.914027369002208,7.973,52.446027276241,2.40622235601218,73.254,0.848956801428746,8.706,59.1196626251977,-2.43538583612838,68.943,0.907003624018977,-0.274,-0.8587113161548956,0.0103698789684001,0.3769999999999953,0.065070567573462,-0.5034999999999998,-3.7661733325557982,2.42598903555448,2.344000000000001,0.0035118724916154
Slovak Republic,SVK,5.843,10.5319476645211,2.11263633214959,78.119512195122,-0.0923148510113108,6.143,12.7741463637611,0.544591632137454,76.9658536585366,-0.284860959688394,6.894,3.14960629921268,5.6558588065555,74.6146341463415,-0.212358807611049,-0.2999999999999998,-2.2421986992399994,1.5680447000121358,1.1536585365853966,0.1925461086770831,-0.5255000000000001,3.69117068265421,-1.771611237202955,1.7524390243902488,0.0600219782998691
Slovenia,SVN,3.652,7.44687717385838,2.3758326648385,81.9292682926829,0.396216782960902,4.011,8.83369886749452,2.66850555542486,81.2829268292683,0.189424378732817,4.744,1.91706506089259,8.41686457725321,80.6756097560976,0.268851969969908,-0.359,-1.3868216936361408,-0.2926728905863598,0.6463414634146005,0.206792404228085,-0.5459999999999998,2.7649060564828947,-3.0205159562073547,0.6268292682926528,0.063682406495497
Sweden,SWE,7.611,8.5486248974891,-0.204061304891439,83.309756097561,0.472717863265105,7.417,8.36929098869189,1.25543620445816,83.0585365853659,0.68058286829853,8.803,2.16319736447143,5.2258643028773,83.0560975609756,0.600591532839468,0.1939999999999999,0.1793339087972096,-1.459497509349599,0.2512195121951066,-0.2078650050334249,-0.5960000000000005,3.192713766508835,-2.7149628038843696,0.1268292682927025,-0.0639368347871814
Chad,TCD,1.059,10.8363568399843,3.98004368401293,55.069,4.57399213394625,1.081,5.78802687843616,4.12969897676332,54.528,3.45668911084691,1.53,-0.77284437035914,0.29344264815208,53.136,3.44423869357111,-0.022,5.04832996154814,-0.1496552927503902,0.5410000000000039,1.11730302309934,-0.2355,5.80460060517172,1.843300517930425,0.9665,0.5648767201875702
Togo,TGO,1.942,5.48928568141131,6.19211576941919,62.74,2.33345506489111,1.965,7.96757361617945,6.29443692019429,62.292,2.35270895960531,2.344,4.1862150652352,5.12890113701732,61.337,2.37825002957617,-0.0230000000000001,-2.47828793476814,-0.1023211507750998,0.4480000000000004,-0.0192538947142,-0.2009999999999999,0.651535308088055,0.5316073162009349,0.7014999999999993,-0.0223974823425299
Thailand,THA,0.733,8.47805174421543,2.01775095328327,76.412,-0.0458651887192549,0.94,-1.61068030486688,2.58037874709827,75.291,0.0111485454856964,1.215,1.23039541318384,1.55216608426647,77.606,0.119758274714782,-0.2069999999999999,10.08873204908231,-0.5626277938149999,1.121000000000009,-0.0570137342049513,-0.241,3.6238281655157945,0.2327924345084,-0.5969999999999942,-0.0828117317170184
Timor-Leste,TLS,1.525,8.42035103310377,-18.135905003556,67.689,1.08884743970717,1.537,7.00530945399787,-20.5224785561874,67.368,1.40884587356384,2.344,3.69792094666786,5.36980163959615,66.199,1.80006893139932,-0.012,1.4150415791059006,2.3865735526314005,0.3209999999999979,-0.3199984338566701,-0.4095,2.361215043217955,-11.752853321576076,0.7449999999999974,-0.355610745846075
Tonga,TON,1.652,6.35112980255189,2.79014366862668,72.895,-0.424539964766316,2.002,10.9713652903022,-2.12854452405193,72.635,-0.425589151486705,2.111,5.64051140636751,-0.934926303735025,72.13,-0.202657341819835,-0.3499999999999998,-4.6202354877503105,4.91868819267861,0.2599999999999909,0.001049186720389,-0.2295000000000001,0.3553091980921898,1.8625349861808524,0.3825000000000003,-0.1109413114732405
Trinidad and Tobago,TTO,3.361,4.62930242419968,1.46645947294053,73.49,0.124756950526578,4.383,5.82838638517959,0.86126082651883,73.331,-0.128266918103601,4.446,2.05922746915458,-0.716740625909793,71.111,0.0609300519200696,-1.0219999999999998,-1.1990839609799098,0.6051986464217001,0.1589999999999918,0.253023868630179,-0.5424999999999998,1.28503747752255,1.0916000494251614,1.1894999999999951,0.0319134493032541
Tunisia,TUN,15.106,9.32899597507865,0.184015548469745,76.508,0.666925034776371,15.3,8.30646124447623,2.75228761004381,76.05,0.585173208533683,16.632,5.706350208307,4.73603648206102,72.893,0.620790374510459,-0.1940000000000008,1.0225347306024195,-2.5682720615740653,0.4579999999999984,0.0817518262426879,-0.7630000000000008,1.811322883385825,-2.276010466795637,1.8074999999999977,0.0230673301329559
Turkiye,TUR,9.388,53.8594087593315,5.04512369812289,77.156,0.406389351118662,10.465,72.3088359891207,5.44122511322401,77.591,0.984586244469359,11.969,19.5964926913324,11.811094450607,75.722,0.910444902564511,-1.077,-18.44942722978919,-0.3961014151011195,-0.434999999999988,-0.5781968933506971,-1.2904999999999998,17.13145803399955,-3.3829853762420545,0.7170000000000059,-0.2520277757229245
Tanzania,TZA,1.565,3.79923291384916,5.06952353203394,66.995,2.90250073555304,1.573,4.35027204269101,4.56600576430955,66.879,2.95046658393064,1.876,3.69091958802199,4.32138429480482,66.131,3.00113934816488,-0.008,-0.5510391288418504,0.5035177677243894,0.1159999999999996,-0.0479658483775997,-0.1554999999999999,0.054156662913585,0.37406961861456,0.4320000000000021,-0.0493193063059198
Uganda,UGA,2.754,5.35094804280395,5.33697295511469,68.252,2.80083228962433,2.885,7.1957888597581,4.58802192181773,67.675,3.00759449042677,3.416,2.20457204757414,3.53658034070898,66.45,3.21773661761443,-0.1309999999999997,-1.8448408169541493,0.7489510332969598,0.5769999999999982,-0.2067622008024399,-0.3309999999999999,1.5731879976149052,0.9001963072028549,0.9009999999999962,-0.20845216399505
Uruguay,URY,8.355,5.86910359896119,0.742128785315927,78.138,-0.0835522251458198,7.877,9.10437983075437,4.48622703072073,76.468,-0.170369337727093,9.328,7.74791402314762,5.84427312558179,75.434,-0.0668956092956434,0.4780000000000006,-3.23527623179318,-3.7440982454048033,1.6700000000000017,0.0868171125812732,-0.4864999999999995,-0.9394052120932148,-2.5510721701329313,1.352000000000004,-0.0083283079250882
United States,USA,3.638,4.11633838374488,2.88755600749487,78.3853658536585,0.83149318773707,3.65,8.00279982052121,2.51237531986017,77.4341463414634,0.575744520494521,5.349,4.69785886363742,6.05505293244555,76.3292682926829,0.157317408951545,-0.012,-3.8864614367763295,0.3751806876347001,0.9512195121950952,0.2557486672425491,-0.8555000000000001,-0.2907602399462701,-1.58374846247534,1.028048780487801,0.3370878893927625
Uzbekistan,UZB,4.434,9.95659071258018,6.29141635082311,72.388,2.02114614047908,4.456,11.4466436998836,6.00134232203442,72.147,2.00999064709715,5.364,10.8492397508122,8.03468312640049,71.681,1.9382099918182,-0.0220000000000002,-1.4900529873034198,0.2900740287886902,0.2409999999999996,0.01115549338193,-0.4649999999999998,-0.4463245191160103,-0.8716333877886897,0.3535000000000039,0.0414680743304398
St. Vincent and the Grenadines,VCT,18.348,4.56457719814894,5.32636472098717,71.23,-0.711025816110263,19.277,5.66009779226552,3.1108330034352,71.191,-0.776041417794061,20.356,1.57272932500558,2.09340124465459,69.132,-0.663868269423874,-0.929000000000002,-1.0955205941165804,2.21553171755197,0.0390000000000014,0.0650156016837979,-1.0040000000000011,1.49592393657168,1.61648173816629,1.0489999999999997,-0.0235787733431945
Viet Nam,VNM,1.645,3.25289282667662,5.06502391455075,74.588,0.671429250652247,1.57,3.15650749963129,8.53750046755788,74.502,0.750756665157789,2.383,1.83471554810444,2.55372852648131,74.145,0.868883560805873,0.0749999999999999,0.0963853270453301,-3.47247655300713,0.0859999999999985,-0.079327414505542,-0.369,0.7090886392860901,1.25564769403472,0.2214999999999989,-0.098727155076813
Vanuatu,VUT,5.011,11.1825017088175,2.093743250054,71.477,2.32481600892244,5.077,6.67930581887121,5.18622862422562,71.302,2.31965082626492,4.776,2.34328358208953,-1.55229489129462,69.952,2.31850921412366,-0.0659999999999998,4.503195889946289,-3.0924853741716203,0.1749999999999971,0.00516518265752,0.1175000000000001,4.419609063363985,1.82301907067431,0.7625000000000028,0.00315339739939
Samoa,WSM,4.92,7.92164684826777,15.2336106467304,71.698,0.649190563116911,5.048,10.9618822286844,2.26705055249026,71.55,0.690847424147793,6.664,3.13320473174494,-5.04350521486909,71.096,0.862068229419543,-0.1280000000000001,-3.0402353804166307,12.96656009424014,0.1479999999999961,-0.0416568610308819,-0.8719999999999999,2.3942210582614147,10.138557930799744,0.3009999999999948,-0.1064388331513159
South Africa,ZAF,32.098,6.0752438457966,0.80610455095804,66.139,1.32810094082844,33.268,7.03987272546482,2.05813661692193,65.454,1.41397227960081,34.007,4.61874544887136,4.85864865060148,62.01,1.54055743832642,-1.1700000000000017,-0.9646288796682194,-1.2520320659638902,0.6850000000000023,-0.0858713387723699,-0.9544999999999996,0.72824919846262,-2.0262720498217197,2.064499999999999,-0.1062282487489899
Zambia,ZMB,5.861,10.884531691282,5.36794285493059,66.349,2.79406758723844,5.993,10.9932039209136,5.21122360356247,65.279,2.76365042984169,5.197,22.0207676245777,6.23492204726448,62.363,2.81534240626742,-0.1320000000000005,-0.1086722296316011,0.1567192513681199,1.0700000000000074,0.0304171573967502,0.3319999999999998,-5.568117966647851,-0.4334895961669454,1.993000000000002,-0.0106374095144898
Zimbabwe,ZWE,9.348,104.705170628667,5.3508687909833,62.775,1.67709591394986,10.087,104.705170628667,6.13926327570213,62.36,1.7062092862652,9.54,98.5461050920624,8.46801676808001,60.135,1.72601114303872,-0.738999999999999,0.0,-0.7883944847188298,0.4149999999999991,-0.02911337231534,-0.0959999999999992,3.0795327683023004,-1.5585739885483552,1.3200000000000005,-0.0244576145444299
